neighborhood,size_sqm,rooms,year_built,has_balcony,has_parking,floor,has_elevator,price_per_sqm,price
Fuhlsbüttel,186,4,1982,1,0,5,0,4200,699273.0
Stellingen,76,3,1994,1,0,7,1,4400,381140.0
St. Georg,97,5,2018,1,1,2,1,5300,547491.0
Rotherbaum,105,4,1957,0,1,0,1,7000,651470.0
Volksdorf,159,3,1974,1,0,2,1,5500,969526.0
Fuhlsbüttel,184,2,1995,1,0,2,1,4200,856583.0
Poppenbüttel,124,4,1979,0,0,4,1,5000,697507.0
Farmsen,144,2,1996,0,1,3,0,4000,652804.0
St. Pauli,193,2,1998,0,0,3,0,5800,1224538.0
St. Pauli,65,1,1996,0,1,8,0,5800,332396.0
Billstedt,55,5,1967,0,1,6,0,3300,151460.0
Wellingsbüttel,72,4,2015,1,1,3,0,6000,471440.0
Ohlsdorf,56,2,2017,1,1,2,0,4500,285880.0
Billstedt,98,1,1982,1,1,5,1,3300,343322.0
Hamburg-Mitte,177,3,1985,0,0,2,1,5000,848098.0
Sasel,40,4,1968,0,0,5,1,4700,166120.0
Eimsbüttel,103,2,1977,0,1,8,1,6000,637348.0
Billstedt,133,5,1989,1,0,5,1,3300,380838.0
Schnelsen,67,1,1964,1,1,3,1,4200,276199.0
Langenhorn,163,2,1990,0,1,4,0,4100,674965.0
Eimsbüttel,52,5,1988,1,0,5,1,6000,339799.0
Volksdorf,76,2,1951,0,0,2,0,5500,340639.0
Jenfeld,119,4,2012,1,0,7,0,3400,419290.0
Blankenese,75,4,1978,1,0,3,1,8000,640603.0
Sasel,136,4,2023,1,0,7,1,4700,653082.0
Horn,169,1,2015,0,1,9,1,3600,547583.0
Dulsberg,170,4,2000,1,0,9,1,4100,699392.0
Groß Borstel,133,5,1959,1,0,2,1,4600,566939.0
Bahrenfeld,140,2,1963,0,0,9,1,4900,753922.0
Barmbek,133,3,2000,1,1,6,1,4800,599506.0
St. Georg,89,5,2022,0,0,8,0,5300,492277.0
Hamburg-Mitte,129,5,1988,0,1,3,1,5000,570451.0
Hoheluft,97,4,1977,0,0,7,1,6300,587731.0
Harburg,162,1,1952,0,0,2,0,3200,490795.0
Volksdorf,149,2,2019,0,1,6,1,5500,797327.0
Winterhude,66,1,1976,1,0,2,1,6500,424218.0
Fuhlsbüttel,101,2,1951,0,0,6,0,4200,344884.0
Niendorf,156,2,1987,0,1,9,1,4300,642882.0
Hamburg-Nord,135,1,1952,0,0,9,1,4500,603572.0
Horn,121,5,1965,0,1,5,1,3600,410199.0
Uhlenhorst,60,2,1989,1,1,1,1,6400,457550.0
Winterhude,151,1,1951,0,1,2,1,6500,1012809.0
Hamm,166,2,1990,1,1,5,1,4200,712368.0
Eimsbüttel,80,3,1961,0,1,3,0,6000,402081.0
Rahlstedt,58,5,1984,1,0,5,1,3800,225370.0
Bahrenfeld,69,4,2014,0,0,0,1,4900,369956.0
Harburg,70,2,2004,0,0,9,0,3200,198245.0
Rotherbaum,40,3,1994,1,1,0,0,7000,325769.0
Marienthal,180,4,2011,0,1,2,1,5800,989766.0
Uhlenhorst,30,4,1998,1,1,7,0,6400,232648.0
Lokstedt,75,2,1974,0,1,7,1,5200,346476.0
Wellingsbüttel,130,1,1972,1,0,3,1,6000,864687.0
Ohlsdorf,178,2,1973,0,0,5,0,4500,775305.0
Hamburg-Nord,119,3,1987,0,1,7,1,4500,514314.0
Eimsbüttel,139,4,1977,1,1,6,1,6000,796731.0
Bergedorf,193,2,1970,0,0,6,0,3500,634722.0
Groß Borstel,86,1,2003,0,1,3,0,4600,464327.0
Hamburg-Nord,30,2,1967,0,1,8,0,4500,115173.0
Stellingen,92,5,1985,0,1,9,0,4400,357115.0
Niendorf,84,1,1994,0,0,5,1,4300,365414.0
Hamm,144,3,2022,0,0,2,0,4200,601721.0
Tonndorf,197,4,2002,1,1,4,0,3900,797877.0
Eppendorf,172,2,1979,1,0,4,0,6800,1220674.0
Wellingsbüttel,178,1,2009,1,1,4,0,6000,1020893.0
Uhlenhorst,82,5,1981,0,1,7,0,6400,587955.0
Bramfeld,166,1,2016,1,0,8,1,4300,721025.0
St. Georg,86,5,2016,0,1,8,0,5300,421081.0
Rotherbaum,146,3,1977,0,1,5,1,7000,1102789.0
Uhlenhorst,183,4,1993,0,0,5,0,6400,1205981.0
Farmsen,198,3,1990,0,1,8,0,4000,751221.0
Ohlsdorf,64,2,2012,1,1,3,0,4500,327499.0
Volksdorf,92,1,1972,0,1,5,0,5500,457475.0
Barmbek,54,5,1997,1,0,3,0,4800,256411.0
Niendorf,119,5,1981,0,1,0,0,4300,571514.0
Billstedt,104,1,2006,1,0,6,0,3300,311469.0
Hamm,67,1,1982,1,1,9,0,4200,285835.0
Horn,159,2,1973,1,1,5,1,3600,647047.0
Alsterdorf,164,3,1988,1,1,8,0,5700,1083464.0
Stellingen,191,5,1983,1,1,6,1,4400,853284.0
St. Georg,120,2,2005,1,0,6,0,5300,642836.0
Altona,46,3,1977,0,0,1,1,5500,244978.0
Horn,157,2,1986,1,1,8,0,3600,654509.0
Harburg,137,5,1956,0,1,9,0,3200,471511.0
Winterhude,181,1,2017,1,1,8,0,6500,1091739.0
Billstedt,54,1,1986,0,1,5,1,3300,185819.0
Altona,117,3,2005,1,1,2,1,5500,672050.0
Rotherbaum,190,4,2014,1,1,0,1,7000,1485349.0
Billstedt,58,3,2014,0,1,3,1,3300,222308.0
St. Pauli,92,4,1996,1,1,2,0,5800,579288.0
Lokstedt,179,2,1969,1,0,0,0,5200,1057417.0
Rotherbaum,183,2,1968,1,0,2,0,7000,1104657.0
Marienthal,185,5,1978,0,0,3,1,5800,970837.0
Marienthal,143,4,2023,1,1,7,0,5800,840983.0
Jenfeld,78,5,2009,0,1,8,1,3400,275590.0
Wandsbek,110,1,1967,1,1,2,1,4000,393357.0
Groß Borstel,113,4,1984,1,0,5,1,4600,461142.0
Fuhlsbüttel,134,3,1992,0,1,9,1,4200,607352.0
Alsterdorf,177,1,1960,1,0,4,1,5700,1116710.0
Bahrenfeld,147,1,1998,1,1,5,0,4900,745374.0
Harburg,115,3,1987,0,0,3,1,3200,363827.0
Winterhude,92,1,2013,1,0,9,1,6500,573564.0
Rotherbaum,133,4,2018,0,0,5,0,7000,1002818.0
Blankenese,78,5,1957,0,1,6,1,8000,667636.0
Tonndorf,100,1,1983,0,0,8,1,3900,389839.0
Jenfeld,30,4,1997,1,1,9,0,3400,114708.0
Farmsen,170,2,2005,0,1,6,0,4000,608292.0
Billstedt,152,4,2014,0,1,5,0,3300,451027.0
Hoheluft,91,5,1980,1,1,0,1,6300,612243.0
Marienthal,61,4,1953,0,1,1,0,5800,372799.0
Ohlsdorf,187,3,1999,1,0,0,0,4500,934461.0
Sasel,58,5,2018,1,1,8,0,4700,301625.0
Dulsberg,78,2,1979,1,1,9,1,4100,369573.0
Marienthal,59,3,2008,1,1,9,0,5800,415077.0
Altona,173,4,2016,0,1,8,1,5500,913322.0
Marienthal,197,5,1994,0,1,6,1,5800,1122623.0
Hoheluft,48,2,1953,0,0,1,0,6300,306044.0
Uhlenhorst,47,3,1975,0,0,5,1,6400,271702.0
Hamburg-Mitte,30,2,1976,0,1,3,1,5000,174624.0
Altona,107,4,1995,1,0,0,0,5500,673928.0
Wandsbek,144,2,2013,0,0,0,1,4000,608461.0
Hamm,142,1,2000,0,1,4,0,4200,661098.0
Uhlenhorst,143,3,1999,0,0,1,1,6400,981215.0
Fuhlsbüttel,195,2,1955,1,1,3,1,4200,878526.0
Dulsberg,92,4,2008,1,0,0,0,4100,362352.0
Winterhude,161,4,1964,0,0,3,0,6500,877450.0
St. Georg,158,2,1979,1,0,5,1,5300,800471.0
St. Georg,37,4,1991,0,1,9,1,5300,219421.0
Hamm,186,5,1986,0,0,3,0,4200,669049.0
Groß Borstel,84,5,1991,1,0,0,1,4600,338322.0
Ottensen,132,5,1984,1,1,6,1,6200,754937.0
Steilshoop,160,1,1955,0,1,1,1,3700,625815.0
Fuhlsbüttel,61,2,2017,0,0,8,1,4200,299039.0
Steilshoop,39,1,1967,1,1,2,0,3700,171712.0
Hamburg-Nord,139,4,2022,0,0,7,0,4500,623370.0
Schnelsen,191,1,1978,1,0,7,0,4200,883088.0
Hoheluft,153,4,2008,0,1,2,0,6300,1044383.0
Farmsen,116,4,1996,1,1,3,0,4000,485145.0
Fuhlsbüttel,84,3,1966,0,1,1,0,4200,351501.0
St. Georg,61,5,1971,0,0,3,1,5300,271615.0
Stellingen,164,4,2017,1,1,8,0,4400,847845.0
Wellingsbüttel,122,3,2018,0,0,1,1,6000,706484.0
Ottensen,37,5,1986,0,1,2,1,6200,236694.0
Steilshoop,94,4,1998,1,0,3,1,3700,377711.0
Harburg,86,4,1962,0,1,4,0,3200,250487.0
Sasel,96,1,1983,0,0,0,1,4700,407437.0
Bahrenfeld,101,1,2002,0,1,6,0,4900,523357.0
Eimsbüttel,83,5,2000,1,0,9,1,6000,440033.0
Groß Borstel,96,4,1952,1,1,6,1,4600,479842.0
Bergedorf,80,2,1991,1,1,8,0,3500,299678.0
Bahrenfeld,126,1,1981,0,0,3,1,4900,625488.0
Bahrenfeld,121,5,2000,0,1,5,1,4900,634358.0
Rahlstedt,37,4,1995,0,0,1,1,3800,137241.0
Schnelsen,191,4,1970,0,0,3,1,4200,805063.0
St. Pauli,64,2,1993,1,1,1,0,5800,411167.0
Bahrenfeld,125,5,1960,0,0,9,1,4900,637011.0
Horn,117,4,2017,0,1,4,1,3600,476441.0
Fuhlsbüttel,107,1,1950,0,1,6,0,4200,482232.0
Jenfeld,61,2,2012,1,0,0,1,3400,207077.0
Altona,149,5,1973,0,1,9,1,5500,799697.0
Dulsberg,75,2,1962,0,0,9,1,4100,327809.0
Ottensen,173,1,1960,0,0,6,1,6200,1017325.0
Alsterdorf,194,5,2000,0,1,9,0,5700,989354.0
Hamburg-Mitte,171,2,1966,0,1,5,1,5000,862527.0
Fuhlsbüttel,84,3,1973,1,0,5,0,4200,300969.0
Bergedorf,36,1,1968,0,0,7,1,3500,96768.0
Rotherbaum,103,1,1986,0,1,7,1,7000,839786.0
Dulsberg,36,1,1957,0,1,5,1,4100,145932.0
Winterhude,190,3,1977,0,1,2,0,6500,1151494.0
Hoheluft,180,3,1954,0,1,4,1,6300,1297322.0
Jenfeld,114,4,1966,0,0,1,1,3400,422851.0
Groß Borstel,176,2,1985,0,1,4,0,4600,795707.0
Billstedt,141,4,1968,0,0,8,0,3300,403855.0
St. Georg,154,2,2013,0,0,9,0,5300,893561.0
Steilshoop,176,3,1960,0,1,0,0,3700,681324.0
Steilshoop,65,3,2003,1,0,9,1,3700,268488.0
Billstedt,58,4,1994,1,1,4,1,3300,243973.0
Alsterdorf,111,5,1996,1,0,5,1,5700,679653.0
Blankenese,31,4,1961,1,1,6,1,8000,245415.0
Fuhlsbüttel,158,2,1970,0,0,8,0,4200,675194.0
Eimsbüttel,76,4,1960,1,0,5,1,6000,422435.0
Hamburg-Mitte,177,1,1954,1,1,4,1,5000,963828.0
Hoheluft,40,2,2005,0,1,6,1,6300,281553.0
Lokstedt,159,2,1969,1,0,0,1,5200,719481.0
Eimsbüttel,148,5,1990,1,0,4,0,6000,889419.0
Eimsbüttel,169,3,1995,0,1,1,1,6000,981832.0
Bahrenfeld,49,2,1961,0,0,3,1,4900,206252.0
Farmsen,34,3,2019,0,1,6,1,4000,167672.0
Hoheluft,66,4,1966,1,0,4,0,6300,379637.0
Steilshoop,195,1,1968,1,1,5,0,3700,788434.0
Jenfeld,166,5,1975,0,0,1,1,3400,477226.0
Altona,82,3,1997,0,1,2,1,5500,489201.0
Poppenbüttel,128,2,2001,1,1,6,1,5000,732865.0
Eimsbüttel,115,3,2019,0,0,1,0,6000,723276.0
Hamm,137,2,2004,1,1,5,1,4200,609922.0
Steilshoop,53,3,1982,0,0,4,1,3700,211592.0
Bergedorf,110,2,2011,0,1,9,1,3500,385393.0
Steilshoop,187,4,1972,1,1,0,0,3700,601094.0
Hamburg-Nord,149,2,1964,0,1,9,1,4500,656820.0
St. Pauli,88,2,1976,0,0,3,1,5800,424895.0
Lokstedt,157,1,2013,0,1,1,0,5200,942078.0
Langenhorn,143,2,2000,1,0,3,0,4100,538277.0
Billstedt,144,1,2002,0,1,0,1,3300,535389.0
Wandsbek,43,5,2000,0,0,1,0,4000,174168.0
Tonndorf,38,1,1996,0,0,7,1,3900,131650.0
Bergedorf,69,4,1953,0,0,5,0,3500,214783.0
Sasel,54,1,1956,0,1,1,0,4700,205391.0
St. Pauli,132,5,1984,0,0,5,1,5800,751827.0
Barmbek,51,4,1997,1,1,9,1,4800,240656.0
Jenfeld,33,3,2022,1,0,8,1,3400,150376.0
Winterhude,183,3,2021,0,0,6,0,6500,1357891.0
Bergedorf,58,1,1994,1,0,8,1,3500,196087.0
Barmbek,138,1,2021,1,0,4,1,4800,627895.0
Stellingen,127,5,1968,0,1,6,1,4400,603334.0
Hamburg-Mitte,66,5,2012,1,0,6,1,5000,324585.0
Rahlstedt,104,2,1987,1,0,2,1,3800,448540.0
Wellingsbüttel,99,5,2016,1,1,6,0,6000,638174.0
Poppenbüttel,175,2,2008,1,0,0,1,5000,852829.0
Hamm,157,4,2018,1,0,8,1,4200,747213.0
Hamburg-Mitte,114,1,1962,1,0,9,0,5000,552873.0
Poppenbüttel,71,4,1996,1,0,5,1,5000,409839.0
Rahlstedt,129,5,2010,1,1,4,1,3800,591144.0
Steilshoop,70,4,1980,0,1,6,1,3700,241003.0
Harburg,195,4,1971,0,0,4,1,3200,514335.0
Alsterdorf,63,4,1992,1,1,9,1,5700,440234.0
Jenfeld,46,5,2016,1,1,4,0,3400,206456.0
Ohlsdorf,194,4,2003,0,0,9,0,4500,746071.0
Fuhlsbüttel,182,2,1959,1,1,6,0,4200,843271.0
Niendorf,151,5,1991,1,0,9,1,4300,649581.0
Ohlsdorf,105,4,2013,0,1,6,0,4500,452833.0
Altona,116,5,1970,0,1,2,1,5500,713492.0
St. Pauli,146,3,2015,0,1,2,1,5800,795241.0
Bahrenfeld,135,2,1990,1,0,9,1,4900,758267.0
Horn,115,4,1973,1,1,2,0,3600,386938.0
Farmsen,56,3,1984,0,0,5,0,4000,211640.0
Bramfeld,86,3,2005,0,0,5,0,4300,329579.0
Schnelsen,60,5,1979,1,1,2,1,4200,277953.0
Groß Borstel,163,3,2006,0,0,2,0,4600,782183.0
Marienthal,197,2,1996,1,1,7,1,5800,1067416.0
Harburg,127,2,1984,1,0,7,0,3200,403946.0
Barmbek,41,1,1968,0,0,6,0,4800,166973.0
Hamm,82,2,1957,0,1,9,1,4200,296580.0
Eimsbüttel,167,3,1975,1,1,3,1,6000,1118183.0
Altona,174,2,2020,0,1,3,0,5500,927824.0
Blankenese,183,5,1979,0,1,2,0,8000,1494257.0
Wandsbek,151,1,1956,0,0,4,0,4000,572679.0
Hoheluft,75,3,2016,0,0,2,1,6300,480380.0
Steilshoop,93,1,2014,1,0,7,1,3700,323554.0
Winterhude,159,3,1985,1,1,6,0,6500,1025276.0
Alsterdorf,83,5,1974,1,0,2,0,5700,456339.0
Marienthal,136,1,1986,1,1,8,1,5800,870089.0
Poppenbüttel,80,4,1950,0,0,4,0,5000,403802.0
Barmbek,65,3,1964,0,1,8,1,4800,316210.0
Hamburg-Mitte,144,4,1986,1,0,6,1,5000,636745.0
Rahlstedt,55,1,1962,1,0,6,1,3800,186500.0
Billstedt,58,4,1957,0,1,5,1,3300,168661.0
Jenfeld,178,4,1954,1,0,1,1,3400,527045.0
Billstedt,40,1,2009,1,1,8,1,3300,164190.0
St. Pauli,69,5,2022,0,0,5,0,5800,366711.0
Rotherbaum,40,4,1950,1,0,7,1,7000,244337.0
Wellingsbüttel,193,4,1985,0,1,0,1,6000,1013800.0
Langenhorn,142,5,1984,0,1,4,0,4100,497956.0
Ohlsdorf,68,4,2015,1,0,0,1,4500,290034.0
Rahlstedt,83,4,2012,0,0,9,0,3800,278383.0
Marienthal,127,4,1972,1,0,7,1,5800,720349.0
Horn,84,2,1958,0,0,7,0,3600,270354.0
Marienthal,140,5,1983,1,0,0,0,5800,718948.0
Horn,181,4,1995,1,0,8,1,3600,647397.0
Stellingen,179,5,1953,1,1,1,1,4400,759708.0
Niendorf,98,3,1979,0,1,8,1,4300,388878.0
Niendorf,85,3,2021,0,1,0,1,4300,339925.0
Eimsbüttel,62,4,1952,1,0,9,0,6000,347319.0
Marienthal,65,5,1963,0,0,8,0,5800,367497.0
Barmbek,177,5,2009,1,0,3,0,4800,787334.0
Alsterdorf,110,5,1994,1,1,8,1,5700,587743.0
Wellingsbüttel,138,2,1983,0,1,6,0,6000,923641.0
Jenfeld,183,3,1994,1,0,5,1,3400,590206.0
Hamburg-Nord,102,5,2010,0,0,4,1,4500,423941.0
Jenfeld,69,5,1965,1,1,8,0,3400,265232.0
Uhlenhorst,46,2,2015,0,1,1,1,6400,347907.0
Volksdorf,158,2,1989,1,1,1,0,5500,873034.0
Rahlstedt,90,5,1966,1,0,8,1,3800,336896.0
Rotherbaum,133,1,1983,0,0,2,0,7000,831667.0
Harburg,71,5,1965,1,0,7,1,3200,193957.0
Hamburg-Mitte,54,5,2009,1,1,8,0,5000,303448.0
Lokstedt,68,2,2015,0,1,7,0,5200,326492.0
Jenfeld,64,2,2015,1,0,3,1,3400,234789.0
Blankenese,160,5,1962,0,0,0,1,8000,1428151.0
Sasel,137,5,2005,1,1,3,0,4700,756874.0
Sasel,131,5,1980,0,0,8,1,4700,555552.0
Schnelsen,127,2,1983,1,1,1,1,4200,577761.0
Langenhorn,41,5,1988,1,1,2,1,4100,193793.0
Langenhorn,48,5,2016,1,0,9,0,4100,229980.0
Rotherbaum,130,4,1957,0,1,7,0,7000,834101.0
Dulsberg,73,1,2004,0,0,5,1,4100,254737.0
Dulsberg,78,3,1976,0,1,7,1,4100,293426.0
Tonndorf,46,1,2002,0,1,6,0,3900,180301.0
Volksdorf,103,4,1988,1,0,4,1,5500,542182.0
Schnelsen,86,3,2014,1,1,8,0,4200,422772.0
Jenfeld,84,5,1966,0,0,3,1,3400,282070.0
Bahrenfeld,76,4,1979,0,0,5,1,4900,337506.0
Jenfeld,41,5,2002,0,1,1,1,3400,156633.0
Wandsbek,91,2,1962,1,0,1,0,4000,303835.0
Poppenbüttel,109,4,1970,0,0,1,0,5000,583097.0
Hamburg-Nord,112,2,1968,0,0,9,0,4500,541836.0
Marienthal,37,4,2002,1,0,6,0,5800,249490.0
Lokstedt,178,4,1968,1,0,1,1,5200,1024940.0
Bahrenfeld,110,2,2006,0,0,1,1,4900,487279.0
Schnelsen,147,3,1974,1,1,8,0,4200,543347.0
Stellingen,54,1,1980,0,0,6,1,4400,231274.0
Bergedorf,118,5,2004,1,1,2,1,3500,499122.0
Marienthal,41,4,1972,0,1,2,0,5800,208782.0
Alsterdorf,172,5,1981,0,0,6,1,5700,823911.0
Hoheluft,88,2,2011,0,1,4,1,6300,628710.0
Billstedt,183,5,2023,0,1,9,0,3300,546728.0
Stellingen,138,2,1959,1,0,5,1,4400,583981.0
Bramfeld,55,5,2021,1,0,7,1,4300,272692.0
Marienthal,76,1,2003,1,0,8,1,5800,420494.0
Jenfeld,61,1,2001,1,1,0,0,3400,205014.0
Volksdorf,39,1,1969,0,1,2,0,5500,224376.0
Steilshoop,45,1,1981,0,0,6,1,3700,161502.0
Farmsen,174,1,1963,1,0,5,1,4000,792497.0
Jenfeld,180,1,1999,1,1,6,1,3400,615915.0
Hamburg-Mitte,55,2,1977,1,1,7,0,5000,250345.0
Niendorf,115,4,2002,1,1,5,0,4300,553266.0
Horn,164,5,1973,1,1,2,0,3600,603749.0
Groß Borstel,43,1,1971,0,0,1,1,4600,164282.0
Bramfeld,108,2,1979,0,1,6,1,4300,511150.0
Hamburg-Mitte,146,2,2012,0,1,0,1,5000,689122.0
Ohlsdorf,36,2,1953,1,1,2,1,4500,159868.0
Billstedt,166,4,2008,1,1,3,1,3300,517836.0
Steilshoop,144,5,1957,1,0,0,0,3700,498225.0
Sasel,101,4,1961,1,0,4,1,4700,456655.0
Farmsen,88,3,1980,0,1,9,1,4000,361538.0
Eimsbüttel,111,2,1983,0,1,2,1,6000,717251.0
Dulsberg,145,3,1998,1,0,1,0,4100,668928.0
Groß Borstel,196,1,2006,0,0,2,1,4600,804614.0
Eimsbüttel,175,1,1975,0,1,7,0,6000,905120.0
Hamm,132,4,1967,1,1,5,0,4200,480822.0
Lokstedt,46,5,1987,1,0,6,0,5200,210126.0
Ohlsdorf,43,3,1999,1,0,5,0,4500,205169.0
Jenfeld,188,5,1957,1,0,5,0,3400,664321.0
Winterhude,181,4,1990,1,0,2,1,6500,1285622.0
Fuhlsbüttel,137,1,1955,1,0,7,1,4200,521659.0
Stellingen,74,5,2018,0,0,6,0,4400,303640.0
Groß Borstel,127,5,1993,0,1,6,0,4600,585744.0
Hamm,160,1,2013,1,0,5,0,4200,593438.0
Marienthal,66,3,1978,0,0,4,1,5800,382563.0
Horn,197,1,1977,1,0,9,1,3600,813619.0
Billstedt,137,5,1960,1,0,7,0,3300,416221.0
Ottensen,68,3,2014,1,1,4,1,6200,493580.0
Harburg,44,3,1968,1,1,8,1,3200,157801.0
Wellingsbüttel,149,1,1958,0,0,8,0,6000,761179.0
Rahlstedt,33,5,1976,1,1,0,0,3800,139494.0
Altona,122,4,1983,0,1,5,1,5500,640215.0
Rotherbaum,182,5,1993,1,1,6,1,7000,1125549.0
Barmbek,170,2,2017,1,1,2,1,4800,890531.0
Uhlenhorst,190,4,1964,1,1,6,0,6400,1351939.0
Blankenese,45,3,2000,0,1,6,0,8000,351235.0
Farmsen,199,4,1962,1,0,1,0,4000,753803.0
St. Georg,137,3,1998,1,0,6,1,5300,823276.0
Bahrenfeld,155,3,2019,1,0,0,1,4900,853456.0
Tonndorf,84,4,2005,0,0,4,0,3900,339226.0
Eimsbüttel,199,3,2000,0,0,8,1,6000,1102019.0
Steilshoop,63,3,1986,0,1,6,0,3700,262786.0
Farmsen,187,2,1966,1,0,6,1,4000,666451.0
Sasel,42,5,2007,0,0,1,0,4700,196407.0
Horn,170,5,1978,1,1,7,1,3600,547488.0
Sasel,47,2,1982,0,1,2,1,4700,239424.0
Sasel,189,4,2009,0,0,7,0,4700,821411.0
Groß Borstel,125,1,2004,1,1,2,0,4600,591319.0
Bergedorf,152,1,1959,0,1,9,0,3500,494804.0
St. Georg,68,1,1996,1,1,6,0,5300,346018.0
Hoheluft,75,2,1972,1,1,1,0,6300,498791.0
Jenfeld,58,2,1970,0,0,3,1,3400,202798.0
Rotherbaum,91,3,1962,1,1,5,0,7000,728731.0
Wandsbek,45,1,1982,1,0,8,0,4000,157387.0
Fuhlsbüttel,150,4,1973,0,0,4,0,4200,645583.0
Hamburg-Nord,39,4,1960,0,1,8,0,4500,172152.0
Bergedorf,187,1,1966,1,1,4,0,3500,629747.0
Steilshoop,182,1,2017,0,1,9,1,3700,602748.0
Schnelsen,132,1,1996,1,0,7,0,4200,586966.0
Marienthal,113,2,1974,1,1,0,0,5800,752993.0
Ohlsdorf,162,2,2022,0,1,6,0,4500,776895.0
Barmbek,94,2,1970,0,1,3,1,4800,445441.0
Ottensen,32,5,1961,0,1,4,1,6200,198397.0
Groß Borstel,171,4,1986,0,1,5,0,4600,716718.0
Schnelsen,149,4,1991,1,0,4,0,4200,671337.0
Poppenbüttel,187,3,1966,1,1,0,1,5000,1020121.0
Lokstedt,97,2,1997,0,1,8,1,5200,467260.0
Poppenbüttel,175,5,1977,0,1,1,1,5000,980719.0
Bahrenfeld,66,5,1990,1,0,8,0,4900,299007.0
Hamm,182,4,1996,1,1,9,0,4200,895991.0
Hoheluft,102,2,1967,1,0,1,1,6300,616526.0
Hamm,172,3,2020,1,0,8,0,4200,665591.0
Farmsen,78,2,1962,0,1,5,1,4000,297121.0
Winterhude,150,1,1962,1,1,8,1,6500,971503.0
Blankenese,117,2,1980,1,1,5,1,8000,838062.0
Altona,169,1,1951,0,0,5,0,5500,914811.0
Altona,66,1,1965,1,0,1,1,5500,369132.0
Tonndorf,90,3,1958,1,0,7,1,3900,368159.0
Steilshoop,153,4,2022,0,0,2,0,3700,485139.0
Horn,68,2,1987,0,0,6,1,3600,239329.0
Ohlsdorf,92,1,2003,0,0,4,0,4500,347971.0
Altona,75,2,2005,1,1,2,1,5500,472892.0
Barmbek,117,4,1994,1,1,0,0,4800,506749.0
Fuhlsbüttel,40,4,1983,0,0,7,1,4200,178251.0
Wandsbek,91,5,1958,0,1,2,1,4000,383067.0
Sasel,106,4,1957,1,1,1,1,4700,510804.0
Stellingen,182,3,1956,0,0,0,1,4400,762747.0
Hamburg-Mitte,81,1,1985,0,0,3,1,5000,350627.0
Blankenese,33,5,1967,0,1,7,0,8000,238947.0
Hamm,88,3,1952,1,0,2,0,4200,389510.0
Barmbek,101,2,1977,1,0,0,1,4800,545124.0
Hoheluft,177,1,2019,1,1,3,1,6300,990585.0
Sasel,122,4,1993,1,0,8,1,4700,599093.0
Stellingen,92,1,1970,1,1,0,0,4400,439432.0
Uhlenhorst,83,2,1977,1,1,1,0,6400,561624.0
Bahrenfeld,146,5,2003,0,1,8,1,4900,645120.0
Wandsbek,139,5,2003,1,1,1,0,4000,533417.0
Schnelsen,103,5,2014,1,1,2,1,4200,440199.0
Wandsbek,136,4,1970,0,0,6,1,4000,581137.0
Blankenese,86,3,1962,1,0,2,1,8000,674404.0
Barmbek,198,3,2006,1,0,8,0,4800,952644.0
Hamm,32,1,1998,0,0,5,1,4200,148935.0
Hamm,149,4,2003,0,1,2,1,4200,671037.0
Volksdorf,35,5,1959,0,1,8,1,5500,213023.0
Fuhlsbüttel,34,5,2002,1,0,0,0,4200,144937.0
Wellingsbüttel,34,2,1993,0,1,9,0,6000,187045.0
Jenfeld,83,2,1996,1,0,2,0,3400,319598.0
Schnelsen,76,5,2002,1,0,0,1,4200,329246.0
Hoheluft,38,5,2023,1,0,1,0,6300,231035.0
Farmsen,128,4,1995,1,1,7,1,4000,512148.0
Eppendorf,49,3,1962,0,1,6,0,6800,277298.0
Wandsbek,151,2,1986,0,1,1,1,4000,609256.0
Wellingsbüttel,90,3,1973,1,1,1,0,6000,606707.0
Tonndorf,152,4,1951,0,0,8,1,3900,643408.0
Bramfeld,192,5,1963,1,1,5,0,4300,937247.0
Eppendorf,111,3,1959,1,1,4,0,6800,672437.0
Poppenbüttel,91,5,1984,1,1,9,0,5000,453900.0
Steilshoop,174,5,1974,0,0,5,1,3700,537682.0
Altona,32,1,1952,1,0,8,0,5500,173753.0
Wandsbek,189,3,1966,1,1,6,0,4000,729966.0
Hamburg-Nord,42,3,1961,0,1,9,0,4500,184934.0
Barmbek,149,5,2003,0,1,9,0,4800,770809.0
Billstedt,154,4,1973,0,1,8,1,3300,502004.0
Barmbek,118,1,1978,0,0,3,0,4800,510511.0
Eimsbüttel,102,5,1992,1,1,1,1,6000,725862.0
Bahrenfeld,97,2,1974,0,1,7,1,4900,546531.0
Steilshoop,171,2,2009,1,1,3,1,3700,630233.0
Dulsberg,130,1,2014,0,0,8,1,4100,534742.0
Rahlstedt,127,4,1977,0,0,3,0,3800,527558.0
Billstedt,40,5,1965,0,1,7,1,3300,112893.0
Blankenese,134,3,1996,0,1,8,1,8000,1059917.0
Marienthal,96,1,2007,0,1,8,1,5800,511560.0
Jenfeld,152,4,1976,0,1,9,1,3400,524220.0
Jenfeld,58,3,2002,1,1,3,0,3400,193079.0
Hoheluft,166,2,1991,0,0,0,0,6300,1000090.0
Blankenese,182,2,2008,0,0,2,1,8000,1336001.0
Hamburg-Mitte,105,3,1996,0,0,8,1,5000,526246.0
Altona,199,1,1983,0,1,3,1,5500,1266860.0
Jenfeld,38,2,1986,1,0,4,0,3400,136849.0
Ohlsdorf,69,5,1955,0,0,6,0,4500,308197.0
Eppendorf,54,3,1956,0,0,4,0,6800,348101.0
Stellingen,34,3,1974,0,1,3,0,4400,124025.0
Ottensen,168,2,1982,0,1,1,0,6200,948980.0
Blankenese,153,1,2004,1,0,1,1,8000,1395084.0
Bramfeld,67,5,2007,0,1,3,0,4300,288028.0
Eimsbüttel,101,1,1956,1,0,9,0,6000,514941.0
Marienthal,162,4,2006,0,0,9,1,5800,997654.0
Farmsen,119,4,1961,1,0,8,0,4000,430863.0
Lokstedt,175,2,1965,1,0,7,0,5200,832398.0
Hamm,66,2,1992,0,1,2,0,4200,322612.0
Rotherbaum,89,2,1956,0,1,8,1,7000,685936.0
Stellingen,57,4,2000,1,1,4,0,4400,266873.0
Hamm,110,1,2022,1,1,2,1,4200,572564.0
Eppendorf,143,1,1981,0,0,4,1,6800,1004691.0
Hamm,69,2,1957,1,1,9,0,4200,312341.0
Tonndorf,74,5,2021,1,0,3,0,3900,261538.0
Alsterdorf,91,1,1994,1,1,7,0,5700,479818.0
Harburg,122,4,2008,0,1,4,0,3200,417987.0
Hamburg-Nord,144,3,1953,1,1,9,1,4500,735070.0
St. Pauli,96,3,2016,1,0,7,0,5800,588470.0
Stellingen,85,3,1978,1,0,8,1,4400,334938.0
Wellingsbüttel,69,5,1978,0,0,3,1,6000,353277.0
Horn,127,2,1977,0,0,6,1,3600,490909.0
Volksdorf,69,4,1993,1,1,1,1,5500,367935.0
Wellingsbüttel,120,5,1953,0,0,5,1,6000,698870.0
Eppendorf,62,4,1958,1,0,7,0,6800,345054.0
Hoheluft,35,4,1954,0,1,6,1,6300,187761.0
Winterhude,176,2,2005,0,1,6,1,6500,1223650.0
Billstedt,109,3,1999,1,0,7,0,3300,382615.0
Marienthal,197,2,1964,0,1,6,0,5800,1078259.0
Marienthal,121,5,1981,0,0,4,1,5800,630424.0
Wellingsbüttel,126,5,1977,0,1,6,1,6000,833649.0
Niendorf,88,5,1971,1,0,9,0,4300,334786.0
Fuhlsbüttel,88,2,1966,0,0,2,1,4200,355260.0
Steilshoop,77,4,2008,0,0,4,0,3700,316918.0
Billstedt,198,4,2020,1,0,6,0,3300,597372.0
Farmsen,42,1,2006,0,0,8,1,4000,191220.0
Steilshoop,136,5,1975,0,1,1,0,3700,450830.0
Hoheluft,74,4,1974,0,0,3,1,6300,460633.0
Blankenese,118,1,1959,0,0,6,1,8000,886669.0
Ottensen,199,4,1994,0,0,0,1,6200,1400889.0
Farmsen,129,5,1960,1,0,1,0,4000,463944.0
Horn,184,3,2002,1,0,8,1,3600,656460.0
Marienthal,195,5,2021,0,1,9,0,5800,1313334.0
Alsterdorf,36,2,2017,0,1,6,1,5700,233945.0
Schnelsen,162,4,1977,0,0,9,1,4200,667437.0
Lokstedt,74,4,2014,1,1,6,0,5200,386838.0
Rahlstedt,87,2,1998,1,0,5,1,3800,362571.0
Horn,60,2,1996,0,1,2,1,3600,200531.0
Sasel,52,3,2001,0,1,9,0,4700,219870.0
Ottensen,199,4,2003,1,0,2,0,6200,1275077.0
Poppenbüttel,167,4,2009,0,1,1,0,5000,807839.0
Wellingsbüttel,189,3,2006,1,1,5,1,6000,1324218.0
Blankenese,136,1,1996,1,0,3,0,8000,1220601.0
Alsterdorf,187,3,1980,0,0,4,0,5700,1112237.0
Poppenbüttel,68,5,1995,1,1,2,1,5000,402951.0
Blankenese,188,4,1975,0,1,5,0,8000,1575000.0
Winterhude,111,2,1954,0,1,2,1,6500,635457.0
Harburg,129,5,2001,0,0,7,1,3200,444185.0
Bahrenfeld,31,4,2003,0,1,8,0,4900,148193.0
Uhlenhorst,106,3,1982,0,1,3,1,6400,651467.0
Bramfeld,41,5,1999,0,1,8,0,4300,200684.0
Poppenbüttel,68,4,1987,1,0,6,0,5000,340226.0
Barmbek,42,1,1976,1,0,2,0,4800,214369.0
Wandsbek,75,1,1964,1,0,6,0,4000,259173.0
Marienthal,184,2,2010,1,0,0,1,5800,1119706.0
Blankenese,142,4,1970,0,1,2,1,8000,997156.0
Horn,46,1,1995,1,0,5,0,3600,173207.0
Volksdorf,133,3,2018,1,1,3,0,5500,821113.0
Wellingsbüttel,127,4,1955,1,1,6,1,6000,791915.0
Farmsen,117,3,1987,0,1,2,0,4000,436679.0
Barmbek,138,3,2011,1,1,0,1,4800,607768.0
Fuhlsbüttel,192,1,2011,0,0,8,0,4200,707837.0
Groß Borstel,99,4,2023,1,0,5,1,4600,496609.0
Fuhlsbüttel,187,5,1995,0,0,7,1,4200,883258.0
Uhlenhorst,103,1,1962,0,0,2,1,6400,580164.0
Bramfeld,92,1,1952,1,0,7,0,4300,402493.0
Wandsbek,185,4,1955,0,1,1,0,4000,806852.0
Marienthal,89,4,1957,0,0,3,0,5800,485934.0
Farmsen,108,3,1993,1,0,2,0,4000,453437.0
Stellingen,66,4,1982,1,0,9,0,4400,311844.0
St. Pauli,51,3,1999,1,0,0,1,5800,287062.0
Niendorf,177,1,1960,0,1,6,1,4300,712725.0
Blankenese,125,2,1977,0,1,9,1,8000,856688.0
Winterhude,97,5,2019,0,1,1,1,6500,745594.0
Eppendorf,46,1,1990,1,1,3,1,6800,379982.0
Lokstedt,41,4,1965,0,1,8,1,5200,230622.0
Langenhorn,179,5,2017,0,0,5,1,4100,647725.0
Harburg,174,2,1997,0,1,7,0,3200,554531.0
Ottensen,167,2,2005,0,1,1,1,6200,932240.0
Ohlsdorf,147,3,2013,0,1,6,0,4500,579934.0
Groß Borstel,51,5,2008,0,0,5,1,4600,244777.0
Winterhude,149,3,2011,0,0,8,1,6500,1105894.0
Dulsberg,79,1,1960,1,1,6,0,4100,366047.0
Eimsbüttel,43,5,1967,1,0,0,1,6000,269729.0
Wandsbek,58,1,1968,1,0,7,0,4000,190926.0
Stellingen,193,3,2004,0,1,9,1,4400,811666.0
Hoheluft,154,5,1975,0,0,2,0,6300,893326.0
Langenhorn,36,3,1955,1,0,1,1,4100,149752.0
Poppenbüttel,58,5,1953,0,0,2,0,5000,280796.0
Rotherbaum,168,3,1978,1,1,5,0,7000,1147465.0
Altona,62,2,2008,0,1,2,1,5500,354600.0
Sasel,163,3,1966,0,1,9,1,4700,662415.0
Lokstedt,140,2,1992,1,0,4,0,5200,680947.0
Harburg,108,3,2015,1,1,5,1,3200,381049.0
Horn,189,5,1983,1,0,7,0,3600,596719.0
Hamburg-Nord,87,5,1957,1,0,6,1,4500,377511.0
Wellingsbüttel,55,5,1962,1,0,7,0,6000,348964.0
Bergedorf,58,4,1957,0,1,2,1,3500,204452.0
Bramfeld,33,1,2014,0,1,3,0,4300,138975.0
Poppenbüttel,128,5,1992,0,1,5,1,5000,594801.0
Fuhlsbüttel,170,2,1988,1,1,6,0,4200,725547.0
Dulsberg,68,5,2008,1,0,8,0,4100,274215.0
Eppendorf,44,4,1993,1,1,0,1,6800,316019.0
Hamm,148,2,1958,1,0,7,1,4200,619058.0
Poppenbüttel,58,4,1986,1,1,7,0,5000,313342.0
Fuhlsbüttel,186,2,2023,1,1,5,0,4200,885272.0
Hamburg-Mitte,104,3,1985,0,1,3,0,5000,495691.0
Ottensen,145,1,1977,0,0,2,0,6200,957884.0
Bahrenfeld,61,1,1991,0,0,2,1,4900,277928.0
Rahlstedt,159,4,1992,0,0,5,0,3800,507618.0
Bahrenfeld,113,1,1991,0,0,7,0,4900,546201.0
Rotherbaum,51,4,2015,1,0,6,0,7000,376914.0
Alsterdorf,56,4,2004,1,1,0,1,5700,395812.0
Fuhlsbüttel,110,4,2021,1,0,5,0,4200,506832.0
Altona,155,1,1997,1,0,6,1,5500,970845.0
Hamburg-Mitte,121,4,1971,1,0,6,1,5000,677615.0
Ottensen,50,1,1976,1,0,8,1,6200,320725.0
Bahrenfeld,76,4,2016,0,1,9,1,4900,401502.0
Horn,130,5,1962,1,0,4,1,3600,470065.0
Jenfeld,113,4,1994,1,1,0,1,3400,469332.0
Langenhorn,35,2,1959,1,1,1,1,4100,167760.0
Bergedorf,176,4,1958,1,1,3,0,3500,545238.0
Steilshoop,160,3,2003,0,0,4,0,3700,630949.0
Volksdorf,30,4,1976,0,1,8,1,5500,154692.0
Barmbek,87,2,1983,1,0,0,0,4800,405504.0
Volksdorf,153,2,1950,0,0,2,0,5500,731406.0
St. Pauli,195,1,1981,0,0,4,1,5800,1183826.0
Hoheluft,44,5,2020,1,0,2,0,6300,321577.0
Wellingsbüttel,191,4,2016,1,0,3,1,6000,1094926.0
Marienthal,192,1,1969,1,1,2,0,5800,981458.0
Poppenbüttel,93,5,1984,1,1,3,1,5000,461890.0
Rahlstedt,54,4,1966,1,0,0,1,3800,211811.0
Niendorf,53,3,1967,0,1,7,0,4300,207692.0
Alsterdorf,41,4,1994,1,0,3,0,5700,218143.0
Uhlenhorst,47,2,2002,1,1,6,1,6400,306323.0
St. Georg,44,2,2017,1,1,1,1,5300,274526.0
Bramfeld,56,3,2014,0,1,1,1,4300,249615.0
Altona,101,1,1950,1,1,5,0,5500,591998.0
Hamburg-Mitte,89,5,2007,1,1,1,0,5000,414979.0
Barmbek,174,4,1975,1,0,5,0,4800,866800.0
Farmsen,122,2,1969,0,0,1,0,4000,422079.0
St. Pauli,82,1,1959,1,1,3,1,5800,486570.0
Blankenese,37,3,2008,1,0,6,1,8000,294005.0
Eppendorf,108,2,1990,1,1,7,1,6800,811480.0
Steilshoop,56,3,1954,0,0,2,1,3700,209880.0
Barmbek,79,4,2014,1,1,8,0,4800,456647.0
Rotherbaum,160,5,1966,1,1,1,1,7000,1164031.0
Langenhorn,122,2,1971,1,1,7,1,4100,513089.0
Blankenese,53,2,1990,0,0,7,0,8000,447488.0
Billstedt,89,4,2017,1,0,3,0,3300,321353.0
Bahrenfeld,151,1,2018,1,1,0,1,4900,711661.0
Rotherbaum,160,5,1960,1,1,0,0,7000,1230829.0
Bahrenfeld,177,2,2005,0,0,1,1,4900,849296.0
Wellingsbüttel,75,5,2000,0,0,8,0,6000,396013.0
Hamm,44,2,1970,1,0,1,0,4200,160703.0
Rotherbaum,182,5,1975,0,0,1,1,7000,1170649.0
Bahrenfeld,46,3,1968,0,0,5,0,4900,198699.0
Bahrenfeld,155,2,2009,0,1,6,1,4900,721476.0
Hoheluft,113,5,2020,1,0,6,0,6300,644505.0
Alsterdorf,38,1,1996,1,1,8,0,5700,213147.0
Wellingsbüttel,195,3,2020,0,1,5,0,6000,1217230.0
Dulsberg,92,3,1975,0,0,7,0,4100,379265.0
Lokstedt,146,1,1989,0,0,5,0,5200,701052.0
Winterhude,159,5,1954,1,1,1,1,6500,899218.0
Jenfeld,117,4,1970,1,0,0,0,3400,341313.0
Rahlstedt,101,1,1953,0,1,4,1,3800,426048.0
Ottensen,168,5,1972,0,0,8,0,6200,1013583.0
Bahrenfeld,93,1,1964,0,0,7,1,4900,429353.0
Stellingen,101,1,1957,0,0,3,0,4400,349313.0
Ottensen,50,2,1990,1,1,4,1,6200,359263.0
Marienthal,47,5,1968,0,0,4,1,5800,256895.0
Bergedorf,93,4,1995,1,1,5,0,3500,316908.0
Niendorf,111,2,1977,0,0,2,0,4300,397966.0
Wandsbek,139,1,2017,0,1,4,0,4000,553049.0
Horn,124,1,1964,0,0,1,1,3600,471553.0
Eimsbüttel,195,1,1986,0,1,9,1,6000,1309218.0
Eppendorf,61,5,1950,0,1,0,0,6800,410598.0
Schnelsen,40,5,2016,1,1,0,0,4200,210468.0
Wandsbek,74,2,1973,0,1,9,1,4000,266326.0
Jenfeld,62,4,1976,0,1,6,1,3400,222373.0
Altona,131,2,1989,0,1,1,0,5500,759090.0
Niendorf,198,3,2012,1,0,3,1,4300,793956.0
Steilshoop,165,1,2010,1,1,4,0,3700,708125.0
St. Pauli,40,1,1985,1,1,6,0,5800,226272.0
Volksdorf,117,1,1973,1,1,1,0,5500,616992.0
Hamm,70,2,1973,0,0,5,1,4200,289133.0
Horn,174,2,1953,0,0,0,1,3600,626899.0
Sasel,105,1,2016,0,0,6,1,4700,529019.0
Dulsberg,150,2,1983,1,1,8,1,4100,567916.0
Ottensen,75,5,2006,0,0,4,0,6200,504750.0
Jenfeld,189,5,1998,0,0,4,1,3400,645932.0
Tonndorf,109,2,2002,1,1,3,0,3900,445443.0
Alsterdorf,83,1,1972,1,1,2,0,5700,550382.0
Marienthal,115,2,2018,1,0,8,0,5800,727100.0
Altona,121,2,2002,0,1,4,1,5500,608235.0
Volksdorf,177,2,2011,0,1,7,0,5500,1061922.0
Bergedorf,190,3,1990,1,1,8,0,3500,602252.0
Bahrenfeld,197,5,2006,0,1,4,1,4900,849460.0
Lokstedt,189,4,2009,1,0,9,0,5200,961885.0
Wandsbek,126,4,2003,1,1,8,1,4000,613129.0
Bramfeld,31,3,2019,0,0,1,1,4300,127799.0
Wandsbek,62,2,2006,1,0,8,1,4000,276845.0
Langenhorn,187,3,1959,1,0,3,0,4100,674078.0
Hamburg-Mitte,190,3,1989,1,0,5,1,5000,1021564.0
Farmsen,106,1,1956,0,1,5,1,4000,420681.0
Hoheluft,145,5,1987,1,1,5,1,6300,989321.0
Hoheluft,183,4,2010,1,1,1,1,6300,1088133.0
Eppendorf,179,2,1952,1,0,6,0,6800,1285894.0
Eppendorf,132,4,2000,1,0,5,1,6800,1044060.0
Poppenbüttel,195,4,1996,1,0,0,0,5000,1024453.0
Lokstedt,132,5,2017,1,1,1,1,5200,726557.0
Volksdorf,119,4,1987,1,0,6,0,5500,734090.0
Uhlenhorst,151,4,1985,0,1,0,1,6400,836536.0
Winterhude,172,3,1990,0,1,0,0,6500,1198116.0
Altona,135,5,2018,1,1,0,1,5500,871093.0
Ottensen,148,1,1962,0,1,7,0,6200,785938.0
Hamburg-Nord,78,2,2007,0,0,3,0,4500,337242.0
Altona,133,4,1999,1,1,3,0,5500,689201.0
Ohlsdorf,90,2,1979,0,0,1,1,4500,400582.0
Steilshoop,152,1,2011,1,1,0,0,3700,616131.0
Tonndorf,163,2,1974,1,0,9,0,3900,588058.0
Bahrenfeld,38,1,1976,1,0,8,0,4900,174965.0
Bramfeld,35,3,2000,1,1,6,0,4300,163537.0
Rotherbaum,102,4,2006,1,1,3,1,7000,722024.0
Fuhlsbüttel,132,1,1996,0,1,5,0,4200,503775.0
Hamm,189,2,1988,1,0,1,0,4200,882617.0
Tonndorf,70,4,1965,0,1,6,0,3900,223370.0
Hamburg-Mitte,143,3,1971,1,1,1,1,5000,815527.0
Blankenese,37,4,2003,1,0,9,0,8000,306865.0
Altona,101,1,1970,1,1,7,0,5500,535446.0
Wandsbek,121,3,2021,0,0,7,0,4000,514888.0
Schnelsen,91,2,1965,1,1,0,0,4200,388589.0
Schnelsen,113,3,2008,1,0,7,1,4200,491473.0
Lokstedt,91,3,1980,1,0,1,0,5200,410856.0
Farmsen,140,5,1991,1,1,5,0,4000,559939.0
St. Georg,156,3,2023,0,0,0,1,5300,772074.0
Hoheluft,36,3,1981,1,1,4,1,6300,217348.0
Volksdorf,113,4,2008,0,1,6,1,5500,617416.0
Uhlenhorst,161,2,1983,1,0,9,0,6400,898106.0
Eimsbüttel,163,4,1958,0,1,0,1,6000,903654.0
St. Pauli,87,4,1960,0,0,1,0,5800,410915.0
Fuhlsbüttel,51,1,1959,1,0,6,1,4200,181057.0
Langenhorn,183,4,1966,1,0,5,0,4100,668550.0
Tonndorf,156,5,2017,0,0,2,1,3900,706132.0
Langenhorn,32,5,1997,1,0,9,0,4100,113106.0
Tonndorf,156,1,2001,1,0,1,1,3900,647211.0
Niendorf,70,2,1974,1,0,9,0,4300,258604.0
Schnelsen,135,2,1970,0,0,3,0,4200,611549.0
St. Georg,43,4,2014,1,1,2,0,5300,230117.0
Dulsberg,41,4,2012,1,1,6,0,4100,220049.0
Tonndorf,116,4,2000,1,0,7,0,3900,470455.0
Langenhorn,41,2,1985,0,1,1,0,4100,143449.0
Jenfeld,170,3,2015,1,1,9,0,3400,676821.0
Billstedt,54,5,1964,0,1,6,0,3300,169361.0
St. Georg,74,3,1988,1,1,7,1,5300,391276.0
Schnelsen,151,3,2019,0,1,5,0,4200,702553.0
Groß Borstel,176,2,1950,1,1,5,0,4600,911229.0
Lokstedt,84,3,1972,1,0,9,1,5200,433663.0
Wandsbek,129,1,1988,0,1,0,0,4000,489448.0
Stellingen,165,4,2006,0,1,3,1,4400,809932.0
Hamburg-Nord,148,1,1983,0,1,0,0,4500,701821.0
Eppendorf,82,5,1990,1,1,3,1,6800,650631.0
Lokstedt,61,4,2022,1,0,1,1,5200,359520.0
Eppendorf,80,3,1962,1,0,4,0,6800,486144.0
Lokstedt,73,5,2019,1,0,9,1,5200,451257.0
Rahlstedt,111,4,1955,0,0,8,0,3800,337296.0
Billstedt,175,3,2001,1,1,9,0,3300,560796.0
Wandsbek,179,1,1952,1,0,2,0,4000,699338.0
Tonndorf,66,4,2012,1,0,7,0,3900,271477.0
Bergedorf,125,3,1998,1,0,2,1,3500,385885.0
Eimsbüttel,85,1,1996,1,0,5,0,6000,553928.0
Ottensen,134,5,2004,1,1,3,1,6200,831307.0
St. Pauli,88,5,2013,1,0,7,1,5800,515571.0
Farmsen,160,5,2014,0,1,5,0,4000,714399.0
Barmbek,185,5,2016,1,0,7,0,4800,866841.0
Bramfeld,64,2,1964,1,1,0,0,4300,242819.0
St. Pauli,122,4,1981,1,1,5,0,5800,652415.0
Barmbek,126,4,2017,1,0,0,1,4800,709019.0
Rotherbaum,164,2,1967,0,0,0,0,7000,971548.0
Hamburg-Nord,105,3,1992,0,0,7,1,4500,445936.0
Ohlsdorf,78,3,1984,0,0,6,0,4500,331335.0
Hamburg-Nord,123,5,2007,0,1,2,0,4500,563884.0
Horn,188,1,1982,0,1,5,0,3600,575084.0
Hamburg-Mitte,53,3,1963,0,0,8,0,5000,234592.0
Steilshoop,177,1,1983,1,0,6,1,3700,636565.0
Hamburg-Mitte,66,4,2010,0,1,2,1,5000,399736.0
Dulsberg,33,1,1953,0,0,5,0,4100,85965.0
Stellingen,137,4,2008,1,1,3,1,4400,613425.0
Steilshoop,155,2,1978,0,0,2,1,3700,546647.0
Poppenbüttel,49,2,1955,1,1,8,0,5000,237466.0
Volksdorf,181,5,1998,1,1,9,0,5500,1067025.0
Wandsbek,79,3,1989,0,1,1,1,4000,301531.0
Niendorf,125,5,2014,1,1,0,1,4300,532523.0
Bahrenfeld,134,4,2018,0,1,1,1,4900,728750.0
Groß Borstel,193,5,1976,0,0,6,1,4600,873877.0
Sasel,146,1,1955,1,1,9,0,4700,669234.0
Volksdorf,127,4,1962,1,0,0,0,5500,613181.0
Bergedorf,95,2,2013,0,1,5,1,3500,325831.0
Altona,108,3,2011,1,1,6,0,5500,535280.0
Wandsbek,191,4,1968,1,0,8,1,4000,667355.0
Alsterdorf,193,4,1992,0,0,7,1,5700,1112858.0
Blankenese,35,1,2023,0,0,5,0,8000,312417.0
Hamm,68,3,1969,1,0,2,1,4200,264864.0
Tonndorf,199,2,2017,0,1,7,1,3900,762494.0
Uhlenhorst,144,4,1993,0,0,6,0,6400,799823.0
Hamm,154,4,1972,0,1,2,0,4200,619190.0
Dulsberg,41,1,1951,0,0,8,1,4100,118262.0
Winterhude,160,5,1971,0,0,1,1,6500,1153791.0
Hamm,47,2,2006,0,1,2,0,4200,218652.0
Sasel,69,3,2021,0,1,1,1,4700,400545.0
Schnelsen,50,4,1956,1,0,0,1,4200,225118.0
Lokstedt,172,4,2005,0,1,3,0,5200,897653.0
Hamm,128,2,2016,1,1,4,0,4200,571775.0
Wellingsbüttel,55,5,1965,1,1,5,0,6000,304867.0
Altona,37,4,2000,1,1,4,0,5500,224183.0
Rotherbaum,129,2,2021,0,1,0,0,7000,1030680.0
Marienthal,116,1,1961,0,1,2,0,5800,570644.0
St. Georg,71,5,2002,1,1,0,1,5300,451342.0
Sasel,43,3,1954,0,1,4,1,4700,187457.0
Uhlenhorst,107,4,1976,1,0,4,0,6400,757876.0
Hamm,31,2,1961,0,1,5,0,4200,135921.0
Bahrenfeld,148,1,1966,0,0,7,1,4900,743373.0
Farmsen,66,3,1955,1,1,9,1,4000,287522.0
Uhlenhorst,98,2,1954,1,1,0,1,6400,628310.0
Billstedt,195,2,2006,1,1,3,0,3300,734276.0
Eimsbüttel,70,3,1977,0,1,9,0,6000,474663.0
Hamm,91,1,2018,1,0,0,1,4200,435741.0
Uhlenhorst,89,1,2008,0,0,8,0,6400,582437.0
Harburg,154,5,1982,0,1,6,0,3200,507588.0
Hamburg-Mitte,140,4,2011,0,0,6,0,5000,766889.0
Farmsen,43,3,1999,1,1,4,1,4000,206626.0
Niendorf,113,3,1968,1,1,6,1,4300,547194.0
Langenhorn,159,3,2018,1,0,1,0,4100,665638.0
Marienthal,99,1,2015,0,0,3,0,5800,494327.0
St. Georg,174,4,1996,0,1,6,0,5300,896093.0
Horn,152,5,1988,1,1,2,0,3600,555079.0
Hoheluft,118,2,2017,0,0,1,0,6300,659973.0
Bahrenfeld,57,2,1982,0,1,9,1,4900,254993.0
Eppendorf,95,3,1962,1,0,1,0,6800,636873.0
Fuhlsbüttel,192,4,2003,1,1,0,0,4200,730538.0
Lokstedt,34,1,1956,1,1,4,0,5200,167348.0
Fuhlsbüttel,197,4,1963,0,0,5,1,4200,867614.0
Sasel,193,4,1968,0,0,5,1,4700,1015486.0
Hamm,74,1,2003,0,0,8,0,4200,320614.0
Horn,180,3,1969,0,1,3,1,3600,746266.0
Lokstedt,76,4,1978,0,1,0,1,5200,425715.0
Ottensen,60,2,1973,1,1,5,1,6200,368487.0
Rahlstedt,168,1,2012,0,1,4,1,3800,695352.0
Horn,39,5,2023,0,0,9,1,3600,158415.0
Hamburg-Nord,147,3,2006,0,1,5,1,4500,657044.0
Eppendorf,43,1,1957,1,1,2,0,6800,251594.0
Hamburg-Mitte,109,5,2011,1,1,1,1,5000,616723.0
Alsterdorf,122,5,1978,1,0,5,1,5700,597617.0
Niendorf,39,4,2023,0,1,0,0,4300,193800.0
Wellingsbüttel,105,4,1966,1,1,6,0,6000,572424.0
Sasel,123,4,2015,1,0,6,0,4700,599978.0
Tonndorf,134,1,1955,1,1,9,0,3900,523713.0
Rotherbaum,30,1,2007,0,1,6,1,7000,200851.0
Ohlsdorf,162,3,2018,1,0,9,1,4500,721009.0
Poppenbüttel,49,4,1977,0,1,0,1,5000,258930.0
Groß Borstel,37,5,2011,0,1,3,1,4600,211500.0
Alsterdorf,30,2,1990,1,1,6,0,5700,208937.0
Hoheluft,86,3,2018,0,0,8,1,6300,546175.0
Bergedorf,93,1,1990,1,1,4,1,3500,375805.0
Hamm,147,3,1998,0,1,1,0,4200,590404.0
Tonndorf,57,3,1998,1,0,6,1,3900,223775.0
Bergedorf,150,3,2020,1,0,9,1,3500,499878.0
Hoheluft,136,3,1952,1,1,0,1,6300,881723.0
Jenfeld,194,2,1959,0,1,6,1,3400,620406.0
Sasel,194,4,1984,1,1,5,0,4700,813109.0
Volksdorf,78,5,1951,0,1,6,0,5500,436310.0
Bergedorf,149,3,1973,1,0,9,0,3500,543503.0
Bergedorf,73,3,2023,0,1,2,0,3500,264268.0
Hamburg-Nord,85,3,1987,0,0,2,0,4500,315429.0
Schnelsen,185,4,1971,1,0,6,1,4200,758320.0
St. Pauli,140,1,1975,1,1,1,1,5800,818453.0
Schnelsen,163,1,1992,1,1,0,0,4200,738242.0
Bramfeld,137,2,2004,1,0,8,0,4300,561479.0
Billstedt,177,1,1988,1,0,8,0,3300,613097.0
Winterhude,143,3,1978,0,1,6,1,6500,1040090.0
Hamburg-Mitte,107,3,1969,1,0,6,0,5000,480367.0
Bramfeld,159,3,1990,1,1,2,1,4300,809931.0
Ohlsdorf,66,2,2003,0,1,9,1,4500,306375.0
Hoheluft,49,3,1969,1,0,1,1,6300,284646.0
Wellingsbüttel,55,1,1968,1,0,6,1,6000,319230.0
Billstedt,58,4,2015,0,1,8,0,3300,183610.0
Bramfeld,30,4,1979,1,0,0,1,4300,117015.0
Bergedorf,148,5,2002,1,1,3,1,3500,538703.0
Eimsbüttel,64,1,1983,1,1,5,0,6000,428734.0
Rahlstedt,88,3,1971,0,1,6,1,3800,378059.0
Bahrenfeld,98,4,2016,1,0,9,1,4900,524944.0
St. Pauli,190,1,1955,0,1,6,1,5800,966986.0
Hamburg-Nord,41,4,1976,1,1,9,0,4500,205021.0
St. Georg,49,3,1959,0,1,1,1,5300,267751.0
Bergedorf,72,4,2022,1,1,3,1,3500,319116.0
Schnelsen,155,5,1997,0,1,4,0,4200,721021.0
Langenhorn,79,5,2019,0,1,0,0,4100,377178.0
Eimsbüttel,58,4,2008,0,1,0,1,6000,361035.0
St. Georg,68,1,2008,0,1,9,1,5300,403793.0
St. Pauli,180,1,1951,0,1,2,0,5800,954916.0
Rotherbaum,67,1,1978,0,1,9,1,7000,546257.0
Hamm,113,4,2017,1,1,2,0,4200,459874.0
Wandsbek,180,1,2014,1,0,7,1,4000,634185.0
Bergedorf,157,3,1975,0,1,8,0,3500,487106.0
Hamm,155,5,1959,0,1,0,1,4200,702378.0
Hamburg-Nord,74,3,2002,0,1,1,0,4500,336684.0
Poppenbüttel,81,1,2008,0,0,9,0,5000,390621.0
Rahlstedt,109,3,1971,1,1,1,0,3800,479241.0
Jenfeld,153,1,2000,0,0,3,0,3400,573688.0
Rahlstedt,148,4,1997,1,1,1,0,3800,552045.0
Blankenese,37,3,1970,1,1,6,1,8000,288164.0
Altona,114,4,1971,0,0,8,1,5500,676050.0
Hamm,158,4,1979,0,1,6,0,4200,741930.0
Uhlenhorst,37,2,1974,1,0,5,1,6400,239755.0
Langenhorn,186,1,1977,1,0,9,1,4100,793710.0
Hoheluft,125,5,2014,0,1,0,1,6300,755071.0
St. Pauli,131,1,1994,0,1,9,1,5800,843365.0
Wellingsbüttel,34,5,2017,0,1,8,1,6000,238586.0
Ottensen,115,1,1956,1,1,4,1,6200,724752.0
Hamburg-Mitte,63,4,1998,1,0,4,0,5000,275430.0
Jenfeld,84,3,1958,0,0,5,1,3400,298237.0
Bergedorf,148,3,1985,1,1,8,1,3500,561441.0
Eppendorf,187,2,1950,1,0,7,1,6800,1142368.0
Wandsbek,143,5,1959,0,0,7,0,4000,557756.0
Farmsen,174,5,1985,0,1,7,1,4000,743554.0
Eppendorf,55,5,2022,1,0,0,1,6800,400891.0
Eimsbüttel,165,4,1995,1,0,0,1,6000,1065276.0
Ottensen,76,5,1981,0,1,7,0,6200,481214.0
Ohlsdorf,142,3,1981,0,0,4,1,4500,713337.0
Eimsbüttel,105,4,1955,0,1,8,0,6000,531149.0
Rahlstedt,101,1,1997,0,0,1,1,3800,334963.0
Altona,118,5,1987,0,1,8,0,5500,586964.0
Hoheluft,75,5,1966,1,0,7,0,6300,485457.0
Winterhude,62,1,2023,1,0,8,0,6500,435103.0
Lokstedt,30,5,1976,1,1,3,1,5200,195348.0
Winterhude,176,1,2003,1,1,0,0,6500,1248424.0
St. Pauli,60,4,1999,0,1,0,0,5800,356372.0
St. Georg,171,3,1984,0,1,4,0,5300,1040024.0
Billstedt,82,1,1974,0,0,1,0,3300,226613.0
Langenhorn,77,2,1977,1,0,7,1,4100,348757.0
Marienthal,98,1,1964,1,0,9,1,5800,550916.0
Schnelsen,134,5,1953,1,1,4,1,4200,597412.0
Bramfeld,119,4,2022,0,0,4,1,4300,555588.0
Wandsbek,92,4,1976,1,0,1,0,4000,373766.0
Uhlenhorst,102,1,1975,0,1,6,1,6400,587897.0
St. Pauli,190,3,1968,0,1,7,0,5800,1075140.0
Winterhude,198,2,1966,0,0,9,1,6500,1291721.0
Tonndorf,118,4,1992,0,1,0,1,3900,522389.0
Blankenese,42,5,1990,0,0,1,1,8000,323319.0
Marienthal,102,5,1991,0,0,9,0,5800,649419.0
Marienthal,106,3,1999,1,1,3,1,5800,636303.0
Altona,188,4,1989,0,0,4,1,5500,1041632.0
Ohlsdorf,97,1,1988,0,1,1,1,4500,487299.0
Sasel,127,5,1972,1,1,0,0,4700,620775.0
Stellingen,154,3,2001,0,0,8,1,4400,769653.0
Rotherbaum,131,4,1996,1,0,0,1,7000,972108.0
St. Pauli,161,4,2012,1,0,3,0,5800,949162.0
Alsterdorf,131,4,2018,1,1,1,0,5700,671980.0
Hoheluft,48,4,1992,0,0,3,1,6300,288574.0
Uhlenhorst,111,4,1997,0,1,7,1,6400,684116.0
Schnelsen,170,5,1983,1,1,7,1,4200,791644.0
Marienthal,52,3,1989,0,0,8,0,5800,257705.0
Volksdorf,112,4,2010,0,1,4,0,5500,574525.0
Hoheluft,138,2,1999,1,0,6,0,6300,790920.0
Wandsbek,104,2,2016,1,0,2,1,4000,390277.0
Poppenbüttel,158,3,2011,0,0,9,0,5000,738709.0
Uhlenhorst,117,1,2007,1,0,3,1,6400,851994.0
Hamm,83,1,1982,1,0,9,0,4200,371352.0
Hamburg-Nord,118,1,1965,1,0,8,0,4500,553976.0
Horn,172,2,1997,0,0,9,0,3600,660933.0
Groß Borstel,94,1,1959,0,1,9,1,4600,399989.0
Horn,105,5,1987,0,0,0,1,3600,413436.0
Niendorf,172,4,1968,1,1,1,1,4300,676125.0
Ohlsdorf,178,2,1985,0,1,4,1,4500,772174.0
Rotherbaum,176,3,2008,1,1,2,0,7000,1291062.0
Fuhlsbüttel,89,3,2012,0,0,1,1,4200,333270.0
Ohlsdorf,122,4,1995,0,1,0,0,4500,592402.0
Uhlenhorst,190,2,1952,1,1,9,1,6400,1183867.0
Steilshoop,78,1,2023,0,0,2,1,3700,322724.0
Langenhorn,64,1,2014,1,0,0,0,4100,271841.0
Jenfeld,131,5,1957,0,1,0,0,3400,389258.0
Farmsen,40,5,2000,0,0,0,1,4000,169269.0
St. Georg,128,1,2022,1,0,7,1,5300,651956.0
Jenfeld,139,3,1955,1,0,2,0,3400,451797.0
Horn,103,3,1988,1,0,0,0,3600,320582.0
Lokstedt,38,5,2009,0,1,6,0,5200,217087.0
Jenfeld,32,4,1977,0,0,9,0,3400,90714.0
Eimsbüttel,114,1,2003,0,0,2,0,6000,648604.0
Uhlenhorst,55,5,1986,1,0,7,1,6400,405987.0
Ohlsdorf,101,5,1958,1,1,3,1,4500,517518.0
Ohlsdorf,77,1,2005,1,1,3,1,4500,403615.0
Fuhlsbüttel,185,1,2008,0,0,4,1,4200,828802.0
Bergedorf,146,3,1951,0,0,5,0,3500,436543.0
Bergedorf,183,4,2010,1,1,6,0,3500,698632.0
Hamburg-Mitte,182,4,2007,0,0,3,0,5000,819110.0
Harburg,41,1,2009,1,0,7,1,3200,134688.0
Rotherbaum,162,2,1989,0,1,5,0,7000,1306419.0
Groß Borstel,77,5,1985,0,0,0,0,4600,347704.0
St. Georg,66,5,1986,1,0,0,1,5300,348558.0
Stellingen,73,1,1967,0,1,8,1,4400,302288.0
Jenfeld,44,2,2012,0,1,9,1,3400,178264.0
Schnelsen,72,3,1971,1,0,5,0,4200,250039.0
Fuhlsbüttel,116,1,1960,1,1,9,0,4200,430959.0
Dulsberg,99,1,2007,0,0,7,1,4100,350516.0
Wellingsbüttel,75,5,2006,1,0,6,1,6000,465888.0
Stellingen,137,1,1953,0,0,5,0,4400,585494.0
Langenhorn,152,1,1956,1,1,3,1,4100,552401.0
Jenfeld,50,1,2010,0,1,6,0,3400,194282.0
Hoheluft,180,5,2003,0,0,8,1,6300,1041780.0
Dulsberg,136,3,2017,1,0,9,1,4100,610080.0
Jenfeld,109,3,1950,0,1,9,1,3400,417177.0
Hamburg-Nord,76,1,2004,0,1,6,0,4500,371607.0
Sasel,146,5,1952,1,1,0,0,4700,764084.0
Eimsbüttel,153,3,1987,1,0,9,1,6000,1047934.0
Eppendorf,172,3,1950,0,1,8,0,6800,1147951.0
Wandsbek,54,3,1987,1,1,3,1,4000,255611.0
Eppendorf,65,5,1978,1,0,2,1,6800,490671.0
Jenfeld,80,5,1954,0,0,3,0,3400,225299.0
Langenhorn,44,1,2023,0,0,3,0,4100,166987.0
Ottensen,97,4,1970,1,1,9,0,6200,689975.0
Bramfeld,50,3,2020,1,0,1,0,4300,242597.0
Wellingsbüttel,170,4,2016,1,0,0,1,6000,955223.0
Billstedt,48,5,1996,0,0,9,0,3300,141980.0
St. Georg,63,5,1984,0,0,0,0,5300,343596.0
Stellingen,107,5,2017,0,1,7,1,4400,503947.0
Rotherbaum,154,4,2018,0,0,1,1,7000,1133495.0
Wandsbek,146,5,1950,0,1,9,1,4000,621460.0
