neighborhood,size_sqm,rooms,year_built,has_balcony,has_parking,floor,has_elevator,is_furnished,rent_per_sqm,monthly_rent,utilities,total_rent
Fuhlsbüttel,186,4,1982,1,0,5,0,0,12.0,2363.0,411.0,2774.0
Stellingen,76,3,1994,1,0,7,1,1,12.5,1261.0,214.0,1475.0
St. Georg,97,5,2018,1,1,2,1,0,15.0,1736.0,195.0,1931.0
Rotherbaum,105,4,1957,0,1,0,1,0,18.0,2107.0,225.0,2332.0
Volksdorf,159,3,1974,1,0,2,1,1,14.5,2669.0,331.0,3000.0
Fuhlsbüttel,184,2,1995,1,0,2,1,1,12.0,2436.0,568.0,3004.0
Poppenbüttel,124,4,1979,0,0,4,1,1,13.5,1881.0,263.0,2144.0
Farmsen,144,2,1996,0,1,3,0,1,11.5,2146.0,443.0,2589.0
St. Pauli,193,2,1998,0,0,3,0,1,16.0,3025.0,458.0,3483.0
St. Pauli,65,1,1996,0,1,8,0,0,16.0,1085.0,216.0,1301.0
Billstedt,55,5,1967,0,1,6,0,0,9.5,610.0,177.0,787.0
Wellingsbüttel,72,4,2015,1,1,3,0,0,16.0,1408.0,247.0,1655.0
Ohlsdorf,56,2,2017,1,1,2,0,0,12.5,807.0,186.0,993.0
Billstedt,98,1,1982,1,1,5,1,0,9.5,1057.0,333.0,1390.0
Hamburg-Mitte,177,3,1985,0,0,2,1,0,14.0,2267.0,582.0,2849.0
Sasel,40,4,1968,0,0,5,1,0,13.0,585.0,122.0,707.0
Eimsbüttel,103,2,1977,0,1,8,1,0,16.0,1668.0,232.0,1900.0
Billstedt,133,5,1989,1,0,5,1,0,9.5,1329.0,320.0,1649.0
Schnelsen,67,1,1964,1,1,3,1,0,12.0,960.0,155.0,1115.0
Langenhorn,163,2,1990,0,1,4,0,0,11.5,2151.0,474.0,2625.0
Eimsbüttel,52,5,1988,1,0,5,1,1,16.0,1113.0,143.0,1256.0
Volksdorf,76,2,1951,0,0,2,0,0,14.5,1009.0,251.0,1260.0
Jenfeld,119,4,2012,1,0,7,0,0,10.0,1278.0,408.0,1686.0
Blankenese,75,4,1978,1,0,3,1,1,20.0,1961.0,196.0,2157.0
Sasel,136,4,2023,1,0,7,1,0,13.0,1930.0,375.0,2305.0
Horn,169,1,2015,0,1,9,1,0,10.5,2123.0,584.0,2707.0
Dulsberg,170,4,2000,1,0,9,1,0,11.5,2220.0,410.0,2630.0
Groß Borstel,133,5,1959,1,0,2,1,0,13.0,1621.0,424.0,2045.0
Bahrenfeld,140,2,1963,0,0,9,1,1,13.5,2198.0,327.0,2525.0
Barmbek,133,3,2000,1,1,6,1,0,13.5,1889.0,402.0,2291.0
St. Georg,89,5,2022,0,0,8,0,0,15.0,1390.0,212.0,1602.0
Hamburg-Mitte,129,5,1988,0,1,3,1,0,14.0,1839.0,429.0,2268.0
Hoheluft,97,4,1977,0,0,7,1,0,16.5,1586.0,276.0,1862.0
Harburg,162,1,1952,0,0,2,0,0,9.0,1607.0,369.0,1976.0
Volksdorf,149,2,2019,0,1,6,1,0,14.5,2153.0,348.0,2501.0
Winterhude,66,1,1976,1,0,2,1,0,17.0,1316.0,181.0,1497.0
Fuhlsbüttel,101,2,1951,0,0,6,0,0,12.0,1076.0,348.0,1424.0
Niendorf,156,2,1987,0,1,9,1,0,12.0,1817.0,492.0,2309.0
Hamburg-Nord,135,1,1952,0,0,9,1,0,13.0,1935.0,369.0,2304.0
Horn,121,5,1965,0,1,5,1,0,10.5,1428.0,303.0,1731.0
Uhlenhorst,60,2,1989,1,1,1,1,1,17.0,1460.0,169.0,1629.0
Winterhude,151,1,1951,0,1,2,1,0,17.0,2498.0,472.0,2970.0
Hamm,166,2,1990,1,1,5,1,0,12.0,2190.0,527.0,2717.0
Eimsbüttel,80,3,1961,0,1,3,0,0,16.0,1438.0,199.0,1637.0
Rahlstedt,58,5,1984,1,0,5,1,0,11.0,754.0,179.0,933.0
Bahrenfeld,69,4,2014,0,0,0,1,1,13.5,1187.0,206.0,1393.0
Harburg,70,2,2004,0,0,9,0,0,9.0,727.0,241.0,968.0
Rotherbaum,40,3,1994,1,1,0,0,1,18.0,1102.0,136.0,1238.0
Marienthal,180,4,2011,0,1,2,1,0,15.5,3204.0,573.0,3777.0
Uhlenhorst,30,4,1998,1,1,7,0,1,17.0,892.0,93.0,985.0
Lokstedt,75,2,1974,0,1,7,1,0,14.0,1231.0,181.0,1412.0
Wellingsbüttel,130,1,1972,1,0,3,1,1,16.0,2161.0,425.0,2586.0
Ohlsdorf,178,2,1973,0,0,5,0,0,12.5,2161.0,470.0,2631.0
Hamburg-Nord,119,3,1987,0,1,7,1,0,13.0,1809.0,287.0,2096.0
Eimsbüttel,139,4,1977,1,1,6,1,0,16.0,2255.0,358.0,2613.0
Bergedorf,193,2,1970,0,0,6,0,0,10.0,1762.0,628.0,2390.0
Groß Borstel,86,1,2003,0,1,3,0,1,13.0,1378.0,191.0,1569.0
Hamburg-Nord,30,2,1967,0,1,8,0,0,13.0,452.0,81.0,533.0
Stellingen,92,5,1985,0,1,9,0,0,12.5,1365.0,252.0,1617.0
Niendorf,84,1,1994,0,0,5,1,0,12.0,1149.0,173.0,1322.0
Hamm,144,3,2022,0,0,2,0,0,12.0,1764.0,330.0,2094.0
Tonndorf,197,4,2002,1,1,4,0,0,11.0,2095.0,638.0,2733.0
Eppendorf,172,2,1979,1,0,4,0,0,17.5,3229.0,558.0,3787.0
Wellingsbüttel,178,1,2009,1,1,4,0,0,16.0,3092.0,434.0,3526.0
Uhlenhorst,82,5,1981,0,1,7,0,1,17.0,1847.0,272.0,2119.0
Bramfeld,166,1,2016,1,0,8,1,0,12.0,2133.0,524.0,2657.0
St. Georg,86,5,2016,0,1,8,0,0,15.0,1352.0,226.0,1578.0
Rotherbaum,146,3,1977,0,1,5,1,1,18.0,2963.0,456.0,3419.0
Uhlenhorst,183,4,1993,0,0,5,0,0,17.0,3490.0,630.0,4120.0
Farmsen,198,3,1990,0,1,8,0,0,11.5,2484.0,532.0,3016.0
Ohlsdorf,64,2,2012,1,1,3,0,0,12.5,994.0,151.0,1145.0
Volksdorf,92,1,1972,0,1,5,0,0,14.5,1342.0,314.0,1656.0
Barmbek,54,5,1997,1,0,3,0,0,13.5,845.0,157.0,1002.0
Niendorf,119,5,1981,0,1,0,0,1,12.0,1809.0,257.0,2066.0
Billstedt,104,1,2006,1,0,6,0,0,9.5,1023.0,297.0,1320.0
Hamm,67,1,1982,1,1,9,0,0,12.0,947.0,184.0,1131.0
Horn,159,2,1973,1,1,5,1,1,10.5,1959.0,522.0,2481.0
Alsterdorf,164,3,1988,1,1,8,0,1,15.0,2667.0,459.0,3126.0
Stellingen,191,5,1983,1,1,6,1,0,12.5,2292.0,455.0,2747.0
St. Georg,120,2,2005,1,0,6,0,0,15.0,1785.0,362.0,2147.0
Altona,46,3,1977,0,0,1,1,0,15.0,742.0,129.0,871.0
Horn,157,2,1986,1,1,8,0,1,10.5,1799.0,369.0,2168.0
Harburg,137,5,1956,0,1,9,0,1,9.0,1452.0,392.0,1844.0
Winterhude,181,1,2017,1,1,8,0,0,17.0,3522.0,585.0,4107.0
Billstedt,54,1,1986,0,1,5,1,0,9.5,653.0,110.0,763.0
Altona,117,3,2005,1,1,2,1,0,15.0,1988.0,345.0,2333.0
Rotherbaum,190,4,2014,1,1,0,1,1,18.0,3733.0,480.0,4213.0
Billstedt,58,3,2014,0,1,3,1,0,9.5,716.0,141.0,857.0
St. Pauli,92,4,1996,1,1,2,0,0,16.0,1515.0,238.0,1753.0
Lokstedt,179,2,1969,1,0,0,0,1,14.0,2957.0,450.0,3407.0
Rotherbaum,183,2,1968,1,0,2,0,0,18.0,3050.0,594.0,3644.0
Marienthal,185,5,1978,0,0,3,1,0,15.5,3019.0,446.0,3465.0
Marienthal,143,4,2023,1,1,7,0,0,15.5,2298.0,443.0,2741.0
Jenfeld,78,5,2009,0,1,8,1,0,10.0,966.0,167.0,1133.0
Wandsbek,110,1,1967,1,1,2,1,0,12.0,1504.0,377.0,1881.0
Groß Borstel,113,4,1984,1,0,5,1,0,13.0,1549.0,331.0,1880.0
Fuhlsbüttel,134,3,1992,0,1,9,1,0,12.0,1611.0,410.0,2021.0
Alsterdorf,177,1,1960,1,0,4,1,1,15.0,3027.0,433.0,3460.0
Bahrenfeld,147,1,1998,1,1,5,0,0,13.5,2365.0,385.0,2750.0
Harburg,115,3,1987,0,0,3,1,0,9.0,1164.0,269.0,1433.0
Winterhude,92,1,2013,1,0,9,1,0,17.0,1510.0,313.0,1823.0
Rotherbaum,133,4,2018,0,0,5,0,1,18.0,2557.0,363.0,2920.0
Blankenese,78,5,1957,0,1,6,1,1,20.0,2033.0,230.0,2263.0
Tonndorf,100,1,1983,0,0,8,1,0,11.0,1147.0,310.0,1457.0
Jenfeld,30,4,1997,1,1,9,0,0,10.0,465.0,77.0,542.0
Farmsen,170,2,2005,0,1,6,0,0,11.5,2256.0,524.0,2780.0
Billstedt,152,4,2014,0,1,5,0,0,9.5,1686.0,458.0,2144.0
Hoheluft,91,5,1980,1,1,0,1,0,16.5,1677.0,278.0,1955.0
Marienthal,61,4,1953,0,1,1,0,1,15.5,1213.0,167.0,1380.0
Ohlsdorf,187,3,1999,1,0,0,0,1,12.5,2522.0,481.0,3003.0
Sasel,58,5,2018,1,1,8,0,0,13.0,958.0,135.0,1093.0
Dulsberg,78,2,1979,1,1,9,1,1,11.5,1226.0,252.0,1478.0
Marienthal,59,3,2008,1,1,9,0,1,15.5,1219.0,172.0,1391.0
Altona,173,4,2016,0,1,8,1,0,15.0,2648.0,461.0,3109.0
Marienthal,197,5,1994,0,1,6,1,0,15.5,2949.0,673.0,3622.0
Hoheluft,48,2,1953,0,0,1,0,1,16.5,1031.0,99.0,1130.0
Uhlenhorst,47,3,1975,0,0,5,1,0,17.0,864.0,154.0,1018.0
Hamburg-Mitte,30,2,1976,0,1,3,1,1,14.0,741.0,105.0,846.0
Altona,107,4,1995,1,0,0,0,1,15.0,1835.0,356.0,2191.0
Wandsbek,144,2,2013,0,0,0,1,0,12.0,1959.0,463.0,2422.0
Hamm,142,1,2000,0,1,4,0,1,12.0,1816.0,364.0,2180.0
Uhlenhorst,143,3,1999,0,0,1,1,1,17.0,2843.0,336.0,3179.0
Fuhlsbüttel,195,2,1955,1,1,3,1,0,12.0,2728.0,605.0,3333.0
Dulsberg,92,4,2008,1,0,0,0,0,11.5,1123.0,226.0,1349.0
Winterhude,161,4,1964,0,0,3,0,0,17.0,2777.0,365.0,3142.0
St. Georg,158,2,1979,1,0,5,1,0,15.0,2717.0,502.0,3219.0
St. Georg,37,4,1991,0,1,9,1,0,15.0,647.0,91.0,738.0
Hamm,186,5,1986,0,0,3,0,0,12.0,2261.0,627.0,2888.0
Groß Borstel,84,5,1991,1,0,0,1,0,13.0,1186.0,274.0,1460.0
Ottensen,132,5,1984,1,1,6,1,0,16.5,2229.0,432.0,2661.0
Steilshoop,160,1,1955,0,1,1,1,1,10.5,2121.0,505.0,2626.0
Fuhlsbüttel,61,2,2017,0,0,8,1,1,12.0,1066.0,203.0,1269.0
Steilshoop,39,1,1967,1,1,2,0,1,10.5,776.0,125.0,901.0
Hamburg-Nord,139,4,2022,0,0,7,0,0,13.0,1711.0,404.0,2115.0
Schnelsen,191,1,1978,1,0,7,0,1,12.0,2329.0,467.0,2796.0
Hoheluft,153,4,2008,0,1,2,0,1,16.5,2897.0,510.0,3407.0
Farmsen,116,4,1996,1,1,3,0,0,11.5,1345.0,378.0,1723.0
Fuhlsbüttel,84,3,1966,0,1,1,0,0,12.0,1138.0,228.0,1366.0
St. Georg,61,5,1971,0,0,3,1,0,15.0,962.0,126.0,1088.0
Stellingen,164,4,2017,1,1,8,0,1,12.5,2494.0,485.0,2979.0
Wellingsbüttel,122,3,2018,0,0,1,1,0,16.0,2058.0,253.0,2311.0
Ottensen,37,5,1986,0,1,2,1,0,16.5,727.0,125.0,852.0
Steilshoop,94,4,1998,1,0,3,1,0,10.5,1020.0,324.0,1344.0
Harburg,86,4,1962,0,1,4,0,0,9.0,824.0,196.0,1020.0
Sasel,96,1,1983,0,0,0,1,0,13.0,1302.0,289.0,1591.0
Bahrenfeld,101,1,2002,0,1,6,0,0,13.5,1519.0,216.0,1735.0
Eimsbüttel,83,5,2000,1,0,9,1,0,16.0,1522.0,257.0,1779.0
Groß Borstel,96,4,1952,1,1,6,1,1,13.0,1689.0,242.0,1931.0
Bergedorf,80,2,1991,1,1,8,0,0,10.0,1041.0,242.0,1283.0
Bahrenfeld,126,1,1981,0,0,3,1,0,13.5,1659.0,322.0,1981.0
Bahrenfeld,121,5,2000,0,1,5,1,0,13.5,1600.0,268.0,1868.0
Rahlstedt,37,4,1995,0,0,1,1,0,11.0,444.0,97.0,541.0
Schnelsen,191,4,1970,0,0,3,1,0,12.0,2466.0,414.0,2880.0
St. Pauli,64,2,1993,1,1,1,0,0,16.0,1160.0,183.0,1343.0
Bahrenfeld,125,5,1960,0,0,9,1,1,13.5,2051.0,258.0,2309.0
Horn,117,4,2017,0,1,4,1,1,10.5,1587.0,327.0,1914.0
Fuhlsbüttel,107,1,1950,0,1,6,0,1,12.0,1696.0,356.0,2052.0
Jenfeld,61,2,2012,1,0,0,1,0,10.0,787.0,199.0,986.0
Altona,149,5,1973,0,1,9,1,0,15.0,2125.0,495.0,2620.0
Dulsberg,75,2,1962,0,0,9,1,1,11.5,1089.0,254.0,1343.0
Ottensen,173,1,1960,0,0,6,1,0,16.5,2965.0,373.0,3338.0
Alsterdorf,194,5,2000,0,1,9,0,0,15.0,2845.0,425.0,3270.0
Hamburg-Mitte,171,2,1966,0,1,5,1,0,14.0,2459.0,485.0,2944.0
Fuhlsbüttel,84,3,1973,1,0,5,0,0,12.0,1112.0,281.0,1393.0
Bergedorf,36,1,1968,0,0,7,1,0,10.0,375.0,125.0,500.0
Rotherbaum,103,1,1986,0,1,7,1,1,18.0,2227.0,213.0,2440.0
Dulsberg,36,1,1957,0,1,5,1,0,11.5,547.0,91.0,638.0
Winterhude,190,3,1977,0,1,2,0,0,17.0,3006.0,441.0,3447.0
Hoheluft,180,3,1954,0,1,4,1,1,16.5,3280.0,564.0,3844.0
Jenfeld,114,4,1966,0,0,1,1,1,10.0,1313.0,337.0,1650.0
Groß Borstel,176,2,1985,0,1,4,0,0,13.0,2509.0,384.0,2893.0
Billstedt,141,4,1968,0,0,8,0,0,9.5,1249.0,384.0,1633.0
St. Georg,154,2,2013,0,0,9,0,1,15.0,2759.0,466.0,3225.0
Steilshoop,176,3,1960,0,1,0,0,1,10.5,2102.0,558.0,2660.0
Steilshoop,65,3,2003,1,0,9,1,0,10.5,740.0,132.0,872.0
Billstedt,58,4,1994,1,1,4,1,1,9.5,925.0,193.0,1118.0
Alsterdorf,111,5,1996,1,0,5,1,0,15.0,1732.0,317.0,2049.0
Blankenese,31,4,1961,1,1,6,1,0,20.0,775.0,100.0,875.0
Fuhlsbüttel,158,2,1970,0,0,8,0,0,12.0,1945.0,507.0,2452.0
Eimsbüttel,76,4,1960,1,0,5,1,0,16.0,1307.0,174.0,1481.0
Hamburg-Mitte,177,1,1954,1,1,4,1,1,14.0,2632.0,383.0,3015.0
Hoheluft,40,2,2005,0,1,6,1,0,16.5,729.0,123.0,852.0
Lokstedt,159,2,1969,1,0,0,1,0,14.0,2438.0,355.0,2793.0
Eimsbüttel,148,5,1990,1,0,4,0,0,16.0,2472.0,485.0,2957.0
Eimsbüttel,169,3,1995,0,1,1,1,0,16.0,2745.0,522.0,3267.0
Bahrenfeld,49,2,1961,0,0,3,1,0,13.5,746.0,160.0,906.0
Farmsen,34,3,2019,0,1,6,1,0,11.5,525.0,83.0,608.0
Hoheluft,66,4,1966,1,0,4,0,0,16.5,1224.0,163.0,1387.0
Steilshoop,195,1,1968,1,1,5,0,1,10.5,2291.0,586.0,2877.0
Jenfeld,166,5,1975,0,0,1,1,0,10.0,1532.0,340.0,1872.0
Altona,82,3,1997,0,1,2,1,0,15.0,1491.0,253.0,1744.0
Poppenbüttel,128,2,2001,1,1,6,1,1,13.5,2070.0,416.0,2486.0
Eimsbüttel,115,3,2019,0,0,1,0,0,16.0,2004.0,302.0,2306.0
Hamm,137,2,2004,1,1,5,1,0,12.0,1744.0,431.0,2175.0
Steilshoop,53,3,1982,0,0,4,1,1,10.5,822.0,120.0,942.0
Bergedorf,110,2,2011,0,1,9,1,0,10.0,1339.0,273.0,1612.0
Steilshoop,187,4,1972,1,1,0,0,0,10.5,1889.0,647.0,2536.0
Hamburg-Nord,149,2,1964,0,1,9,1,0,13.0,2208.0,518.0,2726.0
St. Pauli,88,2,1976,0,0,3,1,0,16.0,1475.0,244.0,1719.0
Lokstedt,157,1,2013,0,1,1,0,1,14.0,2566.0,534.0,3100.0
Langenhorn,143,2,2000,1,0,3,0,0,11.5,1729.0,398.0,2127.0
Billstedt,144,1,2002,0,1,0,1,1,9.5,1827.0,351.0,2178.0
Wandsbek,43,5,2000,0,0,1,0,1,12.0,684.0,103.0,787.0
Tonndorf,38,1,1996,0,0,7,1,0,11.0,447.0,129.0,576.0
Bergedorf,69,4,1953,0,0,5,0,0,10.0,754.0,156.0,910.0
Sasel,54,1,1956,0,1,1,0,0,13.0,828.0,155.0,983.0
St. Pauli,132,5,1984,0,0,5,1,0,16.0,1915.0,374.0,2289.0
Barmbek,51,4,1997,1,1,9,1,0,13.5,875.0,159.0,1034.0
Jenfeld,33,3,2022,1,0,8,1,1,10.0,648.0,91.0,739.0
Winterhude,183,3,2021,0,0,6,0,1,17.0,3272.0,441.0,3713.0
Bergedorf,58,1,1994,1,0,8,1,0,10.0,654.0,131.0,785.0
Barmbek,138,1,2021,1,0,4,1,0,13.5,2060.0,405.0,2465.0
Stellingen,127,5,1968,0,1,6,1,1,12.5,1795.0,391.0,2186.0
Hamburg-Mitte,66,5,2012,1,0,6,1,0,14.0,1101.0,188.0,1289.0
Rahlstedt,104,2,1987,1,0,2,1,1,11.0,1526.0,323.0,1849.0
Wellingsbüttel,99,5,2016,1,1,6,0,0,16.0,1715.0,219.0,1934.0
Poppenbüttel,175,2,2008,1,0,0,1,0,13.5,2349.0,582.0,2931.0
Hamm,157,4,2018,1,0,8,1,1,12.0,2100.0,451.0,2551.0
Hamburg-Mitte,114,1,1962,1,0,9,0,0,14.0,1645.0,250.0,1895.0
Poppenbüttel,71,4,1996,1,0,5,1,1,13.5,1312.0,191.0,1503.0
Rahlstedt,129,5,2010,1,1,4,1,1,11.0,1761.0,421.0,2182.0
Steilshoop,70,4,1980,0,1,6,1,0,10.5,879.0,234.0,1113.0
Harburg,195,4,1971,0,0,4,1,0,9.0,1746.0,467.0,2213.0
Alsterdorf,63,4,1992,1,1,9,1,1,15.0,1282.0,193.0,1475.0
Jenfeld,46,5,2016,1,1,4,0,1,10.0,771.0,99.0,870.0
Ohlsdorf,194,4,2003,0,0,9,0,0,12.5,2163.0,398.0,2561.0
Fuhlsbüttel,182,2,1959,1,1,6,0,1,12.0,2376.0,517.0,2893.0
Niendorf,151,5,1991,1,0,9,1,0,12.0,1872.0,459.0,2331.0
Ohlsdorf,105,4,2013,0,1,6,0,0,12.5,1535.0,335.0,1870.0
Altona,116,5,1970,0,1,2,1,1,15.0,2185.0,291.0,2476.0
St. Pauli,146,3,2015,0,1,2,1,0,16.0,2348.0,293.0,2641.0
Bahrenfeld,135,2,1990,1,0,9,1,1,13.5,2011.0,367.0,2378.0
Horn,115,4,1973,1,1,2,0,0,10.5,1270.0,233.0,1503.0
Farmsen,56,3,1984,0,0,5,0,0,11.5,636.0,120.0,756.0
Bramfeld,86,3,2005,0,0,5,0,0,12.0,1059.0,214.0,1273.0
Schnelsen,60,5,1979,1,1,2,1,0,12.0,884.0,159.0,1043.0
Groß Borstel,163,3,2006,0,0,2,0,0,13.0,2004.0,394.0,2398.0
Marienthal,197,2,1996,1,1,7,1,0,15.5,2966.0,566.0,3532.0
Harburg,127,2,1984,1,0,7,0,0,9.0,1076.0,265.0,1341.0
Barmbek,41,1,1968,0,0,6,0,0,13.5,517.0,91.0,608.0
Hamm,82,2,1957,0,1,9,1,0,12.0,1146.0,250.0,1396.0
Eimsbüttel,167,3,1975,1,1,3,1,1,16.0,2880.0,370.0,3250.0
Altona,174,2,2020,0,1,3,0,0,15.0,2705.0,515.0,3220.0
Blankenese,183,5,1979,0,1,2,0,0,20.0,3835.0,381.0,4216.0
Wandsbek,151,1,1956,0,0,4,0,0,12.0,1983.0,394.0,2377.0
Hoheluft,75,3,2016,0,0,2,1,0,16.5,1416.0,170.0,1586.0
Steilshoop,93,1,2014,1,0,7,1,0,10.5,1146.0,201.0,1347.0
Winterhude,159,3,1985,1,1,6,0,0,17.0,2549.0,453.0,3002.0
Alsterdorf,83,5,1974,1,0,2,0,0,15.0,1329.0,282.0,1611.0
Marienthal,136,1,1986,1,1,8,1,1,15.5,2631.0,283.0,2914.0
Poppenbüttel,80,4,1950,0,0,4,0,1,13.5,1155.0,211.0,1366.0
Barmbek,65,3,1964,0,1,8,1,0,13.5,1005.0,199.0,1204.0
Hamburg-Mitte,144,4,1986,1,0,6,1,0,14.0,2287.0,388.0,2675.0
Rahlstedt,55,1,1962,1,0,6,1,0,11.0,687.0,177.0,864.0
Billstedt,58,4,1957,0,1,5,1,0,9.5,599.0,132.0,731.0
Jenfeld,178,4,1954,1,0,1,1,0,10.0,1653.0,612.0,2265.0
Billstedt,40,1,2009,1,1,8,1,0,9.5,562.0,103.0,665.0
St. Pauli,69,5,2022,0,0,5,0,0,16.0,1049.0,173.0,1222.0
Rotherbaum,40,4,1950,1,0,7,1,0,18.0,828.0,132.0,960.0
Wellingsbüttel,193,4,1985,0,1,0,1,0,16.0,3370.0,549.0,3919.0
Langenhorn,142,5,1984,0,1,4,0,0,11.5,1604.0,394.0,1998.0
Ohlsdorf,68,4,2015,1,0,0,1,0,12.5,1042.0,210.0,1252.0
Rahlstedt,83,4,2012,0,0,9,0,0,11.0,931.0,238.0,1169.0
Marienthal,127,4,1972,1,0,7,1,0,15.5,1891.0,285.0,2176.0
Horn,84,2,1958,0,0,7,0,0,10.5,942.0,253.0,1195.0
Marienthal,140,5,1983,1,0,0,0,0,15.5,2388.0,308.0,2696.0
Horn,181,4,1995,1,0,8,1,0,10.5,2067.0,581.0,2648.0
Stellingen,179,5,1953,1,1,1,1,0,12.5,2589.0,624.0,3213.0
Niendorf,98,3,1979,0,1,8,1,0,12.0,1367.0,251.0,1618.0
Niendorf,85,3,2021,0,1,0,1,0,12.0,1259.0,227.0,1486.0
Eimsbüttel,62,4,1952,1,0,9,0,0,16.0,1027.0,128.0,1155.0
Marienthal,65,5,1963,0,0,8,0,0,15.5,1074.0,131.0,1205.0
Barmbek,177,5,2009,1,0,3,0,0,13.5,2756.0,599.0,3355.0
Alsterdorf,110,5,1994,1,1,8,1,0,15.0,1921.0,241.0,2162.0
Wellingsbüttel,138,2,1983,0,1,6,0,1,16.0,2300.0,368.0,2668.0
Jenfeld,183,3,1994,1,0,5,1,0,10.0,1940.0,590.0,2530.0
Hamburg-Nord,102,5,2010,0,0,4,1,0,13.0,1414.0,340.0,1754.0
Jenfeld,69,5,1965,1,1,8,0,1,10.0,974.0,192.0,1166.0
Uhlenhorst,46,2,2015,0,1,1,1,1,17.0,1211.0,131.0,1342.0
Volksdorf,158,2,1989,1,1,1,0,0,14.5,2262.0,475.0,2737.0
Rahlstedt,90,5,1966,1,0,8,1,0,11.0,1001.0,310.0,1311.0
Rotherbaum,133,1,1983,0,0,2,0,0,18.0,2649.0,386.0,3035.0
Harburg,71,5,1965,1,0,7,1,0,9.0,721.0,202.0,923.0
Hamburg-Mitte,54,5,2009,1,1,8,0,0,14.0,836.0,109.0,945.0
Lokstedt,68,2,2015,0,1,7,0,0,14.0,1087.0,144.0,1231.0
Jenfeld,64,2,2015,1,0,3,1,0,10.0,768.0,183.0,951.0
Blankenese,160,5,1962,0,0,0,1,1,20.0,3102.0,545.0,3647.0
Sasel,137,5,2005,1,1,3,0,1,13.0,2340.0,452.0,2792.0
Sasel,131,5,1980,0,0,8,1,0,13.0,1766.0,455.0,2221.0
Schnelsen,127,2,1983,1,1,1,1,0,12.0,1722.0,355.0,2077.0
Langenhorn,41,5,1988,1,1,2,1,0,11.5,653.0,130.0,783.0
Langenhorn,48,5,2016,1,0,9,0,1,11.5,850.0,157.0,1007.0
Rotherbaum,130,4,1957,0,1,7,0,0,18.0,2291.0,386.0,2677.0
Dulsberg,73,1,2004,0,0,5,1,0,11.5,854.0,183.0,1037.0
Dulsberg,78,3,1976,0,1,7,1,0,11.5,1022.0,211.0,1233.0
Tonndorf,46,1,2002,0,1,6,0,0,11.0,649.0,151.0,800.0
Volksdorf,103,4,1988,1,0,4,1,0,14.5,1431.0,252.0,1683.0
Schnelsen,86,3,2014,1,1,8,0,1,12.0,1420.0,291.0,1711.0
Jenfeld,84,5,1966,0,0,3,1,0,10.0,940.0,197.0,1137.0
Bahrenfeld,76,4,1979,0,0,5,1,0,13.5,986.0,237.0,1223.0
Jenfeld,41,5,2002,0,1,1,1,0,10.0,498.0,121.0,619.0
Wandsbek,91,2,1962,1,0,1,0,0,12.0,1099.0,284.0,1383.0
Poppenbüttel,109,4,1970,0,0,1,0,1,13.5,1713.0,290.0,2003.0
Hamburg-Nord,112,2,1968,0,0,9,0,1,13.0,1539.0,381.0,1920.0
Marienthal,37,4,2002,1,0,6,0,1,15.5,839.0,109.0,948.0
Lokstedt,178,4,1968,1,0,1,1,1,14.0,2812.0,433.0,3245.0
Bahrenfeld,110,2,2006,0,0,1,1,0,13.5,1578.0,325.0,1903.0
Schnelsen,147,3,1974,1,1,8,0,0,12.0,1810.0,357.0,2167.0
Stellingen,54,1,1980,0,0,6,1,0,12.5,704.0,132.0,836.0
Bergedorf,118,5,2004,1,1,2,1,1,10.0,1646.0,307.0,1953.0
Marienthal,41,4,1972,0,1,2,0,0,15.5,794.0,134.0,928.0
Alsterdorf,172,5,1981,0,0,6,1,0,15.0,2850.0,473.0,3323.0
Hoheluft,88,2,2011,0,1,4,1,1,16.5,1815.0,266.0,2081.0
Billstedt,183,5,2023,0,1,9,0,0,9.5,1818.0,474.0,2292.0
Stellingen,138,2,1959,1,0,5,1,0,12.5,1740.0,331.0,2071.0
Bramfeld,55,5,2021,1,0,7,1,0,12.0,716.0,189.0,905.0
Marienthal,76,1,2003,1,0,8,1,0,15.5,1173.0,221.0,1394.0
Jenfeld,61,1,2001,1,1,0,0,0,10.0,793.0,207.0,1000.0
Volksdorf,39,1,1969,0,1,2,0,1,14.5,822.0,90.0,912.0
Steilshoop,45,1,1981,0,0,6,1,0,10.5,490.0,100.0,590.0
Farmsen,174,1,1963,1,0,5,1,1,11.5,2527.0,571.0,3098.0
Jenfeld,180,1,1999,1,1,6,1,0,10.0,1850.0,544.0,2394.0
Hamburg-Mitte,55,2,1977,1,1,7,0,0,14.0,848.0,125.0,973.0
Niendorf,115,4,2002,1,1,5,0,1,12.0,1603.0,276.0,1879.0
Horn,164,5,1973,1,1,2,0,0,10.5,1896.0,525.0,2421.0
Groß Borstel,43,1,1971,0,0,1,1,0,13.0,617.0,115.0,732.0
Bramfeld,108,2,1979,0,1,6,1,1,12.0,1579.0,325.0,1904.0
Hamburg-Mitte,146,2,2012,0,1,0,1,0,14.0,2202.0,362.0,2564.0
Ohlsdorf,36,2,1953,1,1,2,1,0,12.5,643.0,93.0,736.0
Billstedt,166,4,2008,1,1,3,1,0,9.5,1886.0,579.0,2465.0
Steilshoop,144,5,1957,1,0,0,0,0,10.5,1732.0,341.0,2073.0
Sasel,101,4,1961,1,0,4,1,0,13.0,1501.0,279.0,1780.0
Farmsen,88,3,1980,0,1,9,1,0,11.5,1153.0,287.0,1440.0
Eimsbüttel,111,2,1983,0,1,2,1,1,16.0,1966.0,262.0,2228.0
Dulsberg,145,3,1998,1,0,1,0,1,11.5,1781.0,380.0,2161.0
Groß Borstel,196,1,2006,0,0,2,1,0,13.0,2334.0,573.0,2907.0
Eimsbüttel,175,1,1975,0,1,7,0,0,16.0,3004.0,476.0,3480.0
Hamm,132,4,1967,1,1,5,0,0,12.0,1839.0,355.0,2194.0
Lokstedt,46,5,1987,1,0,6,0,0,14.0,714.0,117.0,831.0
Ohlsdorf,43,3,1999,1,0,5,0,0,12.5,555.0,124.0,679.0
Jenfeld,188,5,1957,1,0,5,0,1,10.0,2150.0,552.0,2702.0
Winterhude,181,4,1990,1,0,2,1,1,17.0,3699.0,539.0,4238.0
Fuhlsbüttel,137,1,1955,1,0,7,1,0,12.0,1765.0,288.0,2053.0
Stellingen,74,5,2018,0,0,6,0,0,12.5,1028.0,218.0,1246.0
Groß Borstel,127,5,1993,0,1,6,0,0,13.0,1871.0,436.0,2307.0
Hamm,160,1,2013,1,0,5,0,0,12.0,2201.0,450.0,2651.0
Marienthal,66,3,1978,0,0,4,1,0,15.5,1133.0,203.0,1336.0
Horn,197,1,1977,1,0,9,1,1,10.5,2485.0,559.0,3044.0
Billstedt,137,5,1960,1,0,7,0,0,9.5,1273.0,450.0,1723.0
Ottensen,68,3,2014,1,1,4,1,1,16.5,1395.0,231.0,1626.0
Harburg,44,3,1968,1,1,8,1,0,9.0,567.0,100.0,667.0
Wellingsbüttel,149,1,1958,0,0,8,0,0,16.0,2173.0,396.0,2569.0
Rahlstedt,33,5,1976,1,1,0,0,0,11.0,546.0,85.0,631.0
Altona,122,4,1983,0,1,5,1,0,15.0,1864.0,318.0,2182.0
Rotherbaum,182,5,1993,1,1,6,1,0,18.0,3735.0,398.0,4133.0
Barmbek,170,2,2017,1,1,2,1,0,13.5,2427.0,547.0,2974.0
Uhlenhorst,190,4,1964,1,1,6,0,1,17.0,3430.0,390.0,3820.0
Blankenese,45,3,2000,0,1,6,0,0,20.0,1099.0,126.0,1225.0
Farmsen,199,4,1962,1,0,1,0,0,11.5,2269.0,596.0,2865.0
St. Georg,137,3,1998,1,0,6,1,1,15.0,2305.0,317.0,2622.0
Bahrenfeld,155,3,2019,1,0,0,1,1,13.5,2209.0,521.0,2730.0
Tonndorf,84,4,2005,0,0,4,0,1,11.0,1189.0,274.0,1463.0
Eimsbüttel,199,3,2000,0,0,8,1,0,16.0,3078.0,539.0,3617.0
Steilshoop,63,3,1986,0,1,6,0,1,10.5,973.0,165.0,1138.0
Farmsen,187,2,1966,1,0,6,1,0,11.5,2286.0,440.0,2726.0
Sasel,42,5,2007,0,0,1,0,0,13.0,603.0,130.0,733.0
Horn,170,5,1978,1,1,7,1,0,10.5,2064.0,374.0,2438.0
Sasel,47,2,1982,0,1,2,1,0,13.0,739.0,142.0,881.0
Sasel,189,4,2009,0,0,7,0,0,13.0,2387.0,617.0,3004.0
Groß Borstel,125,1,2004,1,1,2,0,0,13.0,1914.0,293.0,2207.0
Bergedorf,152,1,1959,0,1,9,0,0,10.0,1535.0,502.0,2037.0
St. Georg,68,1,1996,1,1,6,0,0,15.0,1175.0,139.0,1314.0
Hoheluft,75,2,1972,1,1,1,0,0,16.5,1349.0,253.0,1602.0
Jenfeld,58,2,1970,0,0,3,1,1,10.0,869.0,126.0,995.0
Rotherbaum,91,3,1962,1,1,5,0,1,18.0,1947.0,270.0,2217.0
Wandsbek,45,1,1982,1,0,8,0,0,12.0,591.0,107.0,698.0
Fuhlsbüttel,150,4,1973,0,0,4,0,1,12.0,2094.0,488.0,2582.0
Hamburg-Nord,39,4,1960,0,1,8,0,0,13.0,604.0,108.0,712.0
Bergedorf,187,1,1966,1,1,4,0,0,10.0,1832.0,412.0,2244.0
Steilshoop,182,1,2017,0,1,9,1,0,10.5,2058.0,520.0,2578.0
Schnelsen,132,1,1996,1,0,7,0,0,12.0,1747.0,345.0,2092.0
Marienthal,113,2,1974,1,1,0,0,1,15.5,2300.0,338.0,2638.0
Ohlsdorf,162,2,2022,0,1,6,0,0,12.5,2204.0,538.0,2742.0
Barmbek,94,2,1970,0,1,3,1,0,13.5,1349.0,246.0,1595.0
Ottensen,32,5,1961,0,1,4,1,0,16.5,609.0,78.0,687.0
Groß Borstel,171,4,1986,0,1,5,0,0,13.0,2520.0,346.0,2866.0
Schnelsen,149,4,1991,1,0,4,0,1,12.0,2193.0,426.0,2619.0
Poppenbüttel,187,3,1966,1,1,0,1,1,13.5,2731.0,487.0,3218.0
Lokstedt,97,2,1997,0,1,8,1,0,14.0,1394.0,249.0,1643.0
Poppenbüttel,175,5,1977,0,1,1,1,1,13.5,2808.0,398.0,3206.0
Bahrenfeld,66,5,1990,1,0,8,0,0,13.5,921.0,175.0,1096.0
Hamm,182,4,1996,1,1,9,0,1,12.0,2436.0,633.0,3069.0
Hoheluft,102,2,1967,1,0,1,1,0,16.5,1631.0,250.0,1881.0
Hamm,172,3,2020,1,0,8,0,0,12.0,2032.0,499.0,2531.0
Farmsen,78,2,1962,0,1,5,1,0,11.5,997.0,247.0,1244.0
Winterhude,150,1,1962,1,1,8,1,0,17.0,2858.0,469.0,3327.0
Blankenese,117,2,1980,1,1,5,1,0,20.0,2423.0,292.0,2715.0
Altona,169,1,1951,0,0,5,0,0,15.0,2431.0,493.0,2924.0
Altona,66,1,1965,1,0,1,1,0,15.0,1026.0,218.0,1244.0
Tonndorf,90,3,1958,1,0,7,1,1,11.0,1269.0,182.0,1451.0
Steilshoop,153,4,2022,0,0,2,0,0,10.5,1519.0,406.0,1925.0
Horn,68,2,1987,0,0,6,1,0,10.5,760.0,159.0,919.0
Ohlsdorf,92,1,2003,0,0,4,0,0,12.5,1233.0,238.0,1471.0
Altona,75,2,2005,1,1,2,1,1,15.0,1386.0,197.0,1583.0
Barmbek,117,4,1994,1,1,0,0,0,13.5,1546.0,365.0,1911.0
Fuhlsbüttel,40,4,1983,0,0,7,1,1,12.0,678.0,86.0,764.0
Wandsbek,91,5,1958,0,1,2,1,1,12.0,1415.0,252.0,1667.0
Sasel,106,4,1957,1,1,1,1,0,13.0,1659.0,302.0,1961.0
Stellingen,182,3,1956,0,0,0,1,0,12.5,2038.0,499.0,2537.0
Hamburg-Mitte,81,1,1985,0,0,3,1,0,14.0,1300.0,251.0,1551.0
Blankenese,33,5,1967,0,1,7,0,0,20.0,686.0,85.0,771.0
Hamm,88,3,1952,1,0,2,0,1,12.0,1394.0,301.0,1695.0
Barmbek,101,2,1977,1,0,0,1,1,13.5,1651.0,275.0,1926.0
Hoheluft,177,1,2019,1,1,3,1,0,16.5,3227.0,506.0,3733.0
Sasel,122,4,1993,1,0,8,1,0,13.0,1692.0,395.0,2087.0
Stellingen,92,1,1970,1,1,0,0,1,12.5,1484.0,222.0,1706.0
Uhlenhorst,83,2,1977,1,1,1,0,0,17.0,1668.0,175.0,1843.0
Bahrenfeld,146,5,2003,0,1,8,1,0,13.5,2229.0,447.0,2676.0
Wandsbek,139,5,2003,1,1,1,0,0,12.0,1818.0,379.0,2197.0
Schnelsen,103,5,2014,1,1,2,1,0,12.0,1313.0,345.0,1658.0
Wandsbek,136,4,1970,0,0,6,1,1,12.0,1721.0,472.0,2193.0
Blankenese,86,3,1962,1,0,2,1,0,20.0,1930.0,223.0,2153.0
Barmbek,198,3,2006,1,0,8,0,0,13.5,2770.0,519.0,3289.0
Hamm,32,1,1998,0,0,5,1,1,12.0,636.0,84.0,720.0
Hamm,149,4,2003,0,1,2,1,0,12.0,2002.0,371.0,2373.0
Volksdorf,35,5,1959,0,1,8,1,1,14.5,866.0,111.0,977.0
Fuhlsbüttel,34,5,2002,1,0,0,0,0,12.0,497.0,107.0,604.0
Wellingsbüttel,34,2,1993,0,1,9,0,0,16.0,680.0,92.0,772.0
Jenfeld,83,2,1996,1,0,2,0,1,10.0,1156.0,172.0,1328.0
Schnelsen,76,5,2002,1,0,0,1,0,12.0,987.0,187.0,1174.0
Hoheluft,38,5,2023,1,0,1,0,0,16.5,680.0,93.0,773.0
Farmsen,128,4,1995,1,1,7,1,0,11.5,1761.0,412.0,2173.0
Eppendorf,49,3,1962,0,1,6,0,0,17.5,918.0,104.0,1022.0
Wandsbek,151,2,1986,0,1,1,1,0,12.0,2115.0,484.0,2599.0
Wellingsbüttel,90,3,1973,1,1,1,0,1,16.0,1633.0,270.0,1903.0
Tonndorf,152,4,1951,0,0,8,1,1,11.0,1725.0,471.0,2196.0
Bramfeld,192,5,1963,1,1,5,0,1,12.0,2877.0,508.0,3385.0
Eppendorf,111,3,1959,1,1,4,0,0,17.5,2146.0,335.0,2481.0
Poppenbüttel,91,5,1984,1,1,9,0,0,13.5,1340.0,265.0,1605.0
Steilshoop,174,5,1974,0,0,5,1,0,10.5,1981.0,549.0,2530.0
Altona,32,1,1952,1,0,8,0,1,15.0,751.0,85.0,836.0
Wandsbek,189,3,1966,1,1,6,0,0,12.0,2423.0,512.0,2935.0
Hamburg-Nord,42,3,1961,0,1,9,0,0,13.0,579.0,125.0,704.0
Barmbek,149,5,2003,0,1,9,0,1,13.5,2469.0,322.0,2791.0
Billstedt,154,4,1973,0,1,8,1,0,9.5,1713.0,409.0,2122.0
Barmbek,118,1,1978,0,0,3,0,0,13.5,1482.0,408.0,1890.0
Eimsbüttel,102,5,1992,1,1,1,1,1,16.0,2150.0,210.0,2360.0
Bahrenfeld,97,2,1974,0,1,7,1,1,13.5,1750.0,240.0,1990.0
Steilshoop,171,2,2009,1,1,3,1,0,10.5,2006.0,423.0,2429.0
Dulsberg,130,1,2014,0,0,8,1,0,11.5,1613.0,384.0,1997.0
Rahlstedt,127,4,1977,0,0,3,0,1,11.0,1571.0,274.0,1845.0
Billstedt,40,5,1965,0,1,7,1,0,9.5,478.0,118.0,596.0
Blankenese,134,3,1996,0,1,8,1,0,20.0,2956.0,287.0,3243.0
Marienthal,96,1,2007,0,1,8,1,0,15.5,1756.0,206.0,1962.0
Jenfeld,152,4,1976,0,1,9,1,0,10.0,1699.0,470.0,2169.0
Jenfeld,58,3,2002,1,1,3,0,0,10.0,738.0,144.0,882.0
Hoheluft,166,2,1991,0,0,0,0,0,16.5,2535.0,575.0,3110.0
Blankenese,182,2,2008,0,0,2,1,0,20.0,3309.0,374.0,3683.0
Hamburg-Mitte,105,3,1996,0,0,8,1,0,14.0,1504.0,280.0,1784.0
Altona,199,1,1983,0,1,3,1,1,15.0,2989.0,432.0,3421.0
Jenfeld,38,2,1986,1,0,4,0,1,10.0,654.0,96.0,750.0
Ohlsdorf,69,5,1955,0,0,6,0,1,12.5,1041.0,241.0,1282.0
Eppendorf,54,3,1956,0,0,4,0,0,17.5,1006.0,180.0,1186.0
Stellingen,34,3,1974,0,1,3,0,0,12.5,497.0,70.0,567.0
Ottensen,168,2,1982,0,1,1,0,0,16.5,2930.0,478.0,3408.0
Blankenese,153,1,2004,1,0,1,1,1,20.0,3395.0,455.0,3850.0
Bramfeld,67,5,2007,0,1,3,0,0,12.0,817.0,155.0,972.0
Eimsbüttel,101,1,1956,1,0,9,0,0,16.0,1503.0,224.0,1727.0
Marienthal,162,4,2006,0,0,9,1,1,15.5,2643.0,544.0,3187.0
Farmsen,119,4,1961,1,0,8,0,0,11.5,1550.0,411.0,1961.0
Lokstedt,175,2,1965,1,0,7,0,0,14.0,2300.0,610.0,2910.0
Hamm,66,2,1992,0,1,2,0,1,12.0,1133.0,210.0,1343.0
Rotherbaum,89,2,1956,0,1,8,1,1,18.0,2097.0,267.0,2364.0
Stellingen,57,4,2000,1,1,4,0,0,12.5,917.0,144.0,1061.0
Hamm,110,1,2022,1,1,2,1,1,12.0,1635.0,248.0,1883.0
Eppendorf,143,1,1981,0,0,4,1,0,17.5,2793.0,303.0,3096.0
Hamm,69,2,1957,1,1,9,0,1,12.0,1081.0,210.0,1291.0
Tonndorf,74,5,2021,1,0,3,0,0,11.0,893.0,235.0,1128.0
Alsterdorf,91,1,1994,1,1,7,0,0,15.0,1644.0,295.0,1939.0
Harburg,122,4,2008,0,1,4,0,0,9.0,1244.0,411.0,1655.0
Hamburg-Nord,144,3,1953,1,1,9,1,1,13.0,2195.0,478.0,2673.0
St. Pauli,96,3,2016,1,0,7,0,0,16.0,1543.0,336.0,1879.0
Stellingen,85,3,1978,1,0,8,1,0,12.5,1125.0,201.0,1326.0
Wellingsbüttel,69,5,1978,0,0,3,1,0,16.0,1150.0,217.0,1367.0
Horn,127,2,1977,0,0,6,1,1,10.5,1519.0,366.0,1885.0
Volksdorf,69,4,1993,1,1,1,1,0,14.5,1295.0,165.0,1460.0
Wellingsbüttel,120,5,1953,0,0,5,1,0,16.0,2151.0,417.0,2568.0
Eppendorf,62,4,1958,1,0,7,0,0,17.5,1236.0,208.0,1444.0
Hoheluft,35,4,1954,0,1,6,1,0,16.5,679.0,77.0,756.0
Winterhude,176,2,2005,0,1,6,1,0,17.0,3267.0,359.0,3626.0
Billstedt,109,3,1999,1,0,7,0,0,9.5,1210.0,331.0,1541.0
Marienthal,197,2,1964,0,1,6,0,0,15.5,3397.0,573.0,3970.0
Marienthal,121,5,1981,0,0,4,1,0,15.5,1882.0,412.0,2294.0
Wellingsbüttel,126,5,1977,0,1,6,1,1,16.0,2152.0,296.0,2448.0
Niendorf,88,5,1971,1,0,9,0,0,12.0,1009.0,187.0,1196.0
Fuhlsbüttel,88,2,1966,0,0,2,1,0,12.0,1114.0,210.0,1324.0
Steilshoop,77,4,2008,0,0,4,0,1,10.5,1065.0,156.0,1221.0
Billstedt,198,4,2020,1,0,6,0,0,9.5,2124.0,407.0,2531.0
Farmsen,42,1,2006,0,0,8,1,1,11.5,717.0,142.0,859.0
Steilshoop,136,5,1975,0,1,1,0,0,10.5,1407.0,344.0,1751.0
Hoheluft,74,4,1974,0,0,3,1,0,16.5,1228.0,194.0,1422.0
Blankenese,118,1,1959,0,0,6,1,0,20.0,2312.0,239.0,2551.0
Ottensen,199,4,1994,0,0,0,1,1,16.5,3246.0,479.0,3725.0
Farmsen,129,5,1960,1,0,1,0,0,11.5,1600.0,414.0,2014.0
Horn,184,3,2002,1,0,8,1,0,10.5,2042.0,538.0,2580.0
Marienthal,195,5,2021,0,1,9,0,1,15.5,3498.0,610.0,4108.0
Alsterdorf,36,2,2017,0,1,6,1,0,15.0,664.0,96.0,760.0
Schnelsen,162,4,1977,0,0,9,1,0,12.0,1906.0,399.0,2305.0
Lokstedt,74,4,2014,1,1,6,0,0,14.0,1191.0,202.0,1393.0
Rahlstedt,87,2,1998,1,0,5,1,1,11.0,1348.0,216.0,1564.0
Horn,60,2,1996,0,1,2,1,0,10.5,693.0,196.0,889.0
Sasel,52,3,2001,0,1,9,0,0,13.0,831.0,127.0,958.0
Ottensen,199,4,2003,1,0,2,0,0,16.5,3257.0,595.0,3852.0
Poppenbüttel,167,4,2009,0,1,1,0,0,13.5,2556.0,368.0,2924.0
Wellingsbüttel,189,3,2006,1,1,5,1,1,16.0,3631.0,573.0,4204.0
Blankenese,136,1,1996,1,0,3,0,1,20.0,2894.0,458.0,3352.0
Alsterdorf,187,3,1980,0,0,4,0,1,15.0,3151.0,545.0,3696.0
Poppenbüttel,68,5,1995,1,1,2,1,1,13.5,1226.0,193.0,1419.0
Blankenese,188,4,1975,0,1,5,0,0,20.0,4210.0,647.0,4857.0
Winterhude,111,2,1954,0,1,2,1,0,17.0,1956.0,326.0,2282.0
Harburg,129,5,2001,0,0,7,1,1,9.0,1404.0,308.0,1712.0
Bahrenfeld,31,4,2003,0,1,8,0,0,13.5,546.0,76.0,622.0
Uhlenhorst,106,3,1982,0,1,3,1,0,17.0,2067.0,324.0,2391.0
Bramfeld,41,5,1999,0,1,8,0,1,12.0,765.0,127.0,892.0
Poppenbüttel,68,4,1987,1,0,6,0,0,13.5,1022.0,167.0,1189.0
Barmbek,42,1,1976,1,0,2,0,1,13.5,815.0,106.0,921.0
Wandsbek,75,1,1964,1,0,6,0,0,12.0,929.0,261.0,1190.0
Marienthal,184,2,2010,1,0,0,1,0,15.5,3092.0,396.0,3488.0
Blankenese,142,4,1970,0,1,2,1,0,20.0,2883.0,370.0,3253.0
Horn,46,1,1995,1,0,5,0,0,10.5,538.0,96.0,634.0
Volksdorf,133,3,2018,1,1,3,0,1,14.5,2448.0,430.0,2878.0
Wellingsbüttel,127,4,1955,1,1,6,1,0,16.0,2000.0,272.0,2272.0
Farmsen,117,3,1987,0,1,2,0,0,11.5,1501.0,352.0,1853.0
Barmbek,138,3,2011,1,1,0,1,0,13.5,1941.0,288.0,2229.0
Fuhlsbüttel,192,1,2011,0,0,8,0,0,12.0,2067.0,578.0,2645.0
Groß Borstel,99,4,2023,1,0,5,1,0,13.0,1301.0,323.0,1624.0
Fuhlsbüttel,187,5,1995,0,0,7,1,1,12.0,2554.0,486.0,3040.0
Uhlenhorst,103,1,1962,0,0,2,1,0,17.0,1875.0,287.0,2162.0
Bramfeld,92,1,1952,1,0,7,0,1,12.0,1228.0,239.0,1467.0
Wandsbek,185,4,1955,0,1,1,0,1,12.0,2256.0,453.0,2709.0
Marienthal,89,4,1957,0,0,3,0,0,15.5,1516.0,285.0,1801.0
Farmsen,108,3,1993,1,0,2,0,0,11.5,1186.0,260.0,1446.0
Stellingen,66,4,1982,1,0,9,0,1,12.5,1169.0,204.0,1373.0
St. Pauli,51,3,1999,1,0,0,1,0,16.0,867.0,118.0,985.0
Niendorf,177,1,1960,0,1,6,1,0,12.0,2361.0,420.0,2781.0
Blankenese,125,2,1977,0,1,9,1,0,20.0,2509.0,313.0,2822.0
Winterhude,97,5,2019,0,1,1,1,1,17.0,2135.0,280.0,2415.0
Eppendorf,46,1,1990,1,1,3,1,1,17.5,1224.0,123.0,1347.0
Lokstedt,41,4,1965,0,1,8,1,1,14.0,878.0,128.0,1006.0
Langenhorn,179,5,2017,0,0,5,1,0,11.5,1913.0,415.0,2328.0
Harburg,174,2,1997,0,1,7,0,0,9.0,1757.0,351.0,2108.0
Ottensen,167,2,2005,0,1,1,1,0,16.5,2970.0,529.0,3499.0
Ohlsdorf,147,3,2013,0,1,6,0,0,12.5,1730.0,475.0,2205.0
Groß Borstel,51,5,2008,0,0,5,1,0,13.0,644.0,107.0,751.0
Winterhude,149,3,2011,0,0,8,1,1,17.0,2981.0,435.0,3416.0
Dulsberg,79,1,1960,1,1,6,0,1,11.5,1191.0,203.0,1394.0
Eimsbüttel,43,5,1967,1,0,0,1,0,16.0,799.0,137.0,936.0
Wandsbek,58,1,1968,1,0,7,0,0,12.0,747.0,192.0,939.0
Stellingen,193,3,2004,0,1,9,1,0,12.5,2760.0,632.0,3392.0
Hoheluft,154,5,1975,0,0,2,0,0,16.5,2808.0,488.0,3296.0
Langenhorn,36,3,1955,1,0,1,1,1,11.5,746.0,87.0,833.0
Poppenbüttel,58,5,1953,0,0,2,0,1,13.5,919.0,187.0,1106.0
Rotherbaum,168,3,1978,1,1,5,0,0,18.0,3431.0,470.0,3901.0
Altona,62,2,2008,0,1,2,1,0,15.0,1017.0,129.0,1146.0
Sasel,163,3,1966,0,1,9,1,0,13.0,2283.0,438.0,2721.0
Lokstedt,140,2,1992,1,0,4,0,0,14.0,2034.0,478.0,2512.0
Harburg,108,3,2015,1,1,5,1,0,9.0,1052.0,360.0,1412.0
Horn,189,5,1983,1,0,7,0,0,10.5,2257.0,407.0,2664.0
Hamburg-Nord,87,5,1957,1,0,6,1,0,13.0,1100.0,271.0,1371.0
Wellingsbüttel,55,5,1962,1,0,7,0,1,16.0,1176.0,176.0,1352.0
Bergedorf,58,4,1957,0,1,2,1,0,10.0,733.0,140.0,873.0
Bramfeld,33,1,2014,0,1,3,0,0,12.0,536.0,89.0,625.0
Poppenbüttel,128,5,1992,0,1,5,1,0,13.5,1708.0,393.0,2101.0
Fuhlsbüttel,170,2,1988,1,1,6,0,0,12.0,2163.0,452.0,2615.0
Dulsberg,68,5,2008,1,0,8,0,0,11.5,923.0,148.0,1071.0
Eppendorf,44,4,1993,1,1,0,1,0,17.5,915.0,135.0,1050.0
Hamm,148,2,1958,1,0,7,1,0,12.0,1846.0,498.0,2344.0
Poppenbüttel,58,4,1986,1,1,7,0,0,13.5,888.0,173.0,1061.0
Fuhlsbüttel,186,2,2023,1,1,5,0,1,12.0,2579.0,588.0,3167.0
Hamburg-Mitte,104,3,1985,0,1,3,0,0,14.0,1689.0,264.0,1953.0
Ottensen,145,1,1977,0,0,2,0,1,16.5,2580.0,330.0,2910.0
Bahrenfeld,61,1,1991,0,0,2,1,0,13.5,885.0,181.0,1066.0
Rahlstedt,159,4,1992,0,0,5,0,0,11.0,1730.0,396.0,2126.0
Bahrenfeld,113,1,1991,0,0,7,0,0,13.5,1531.0,372.0,1903.0
Rotherbaum,51,4,2015,1,0,6,0,0,18.0,894.0,111.0,1005.0
Alsterdorf,56,4,2004,1,1,0,1,1,15.0,1183.0,148.0,1331.0
Fuhlsbüttel,110,4,2021,1,0,5,0,1,12.0,1585.0,285.0,1870.0
Altona,155,1,1997,1,0,6,1,1,15.0,2703.0,528.0,3231.0
Hamburg-Mitte,121,4,1971,1,0,6,1,1,14.0,1964.0,270.0,2234.0
Ottensen,50,1,1976,1,0,8,1,0,16.5,886.0,101.0,987.0
Bahrenfeld,76,4,2016,0,1,9,1,0,13.5,1141.0,179.0,1320.0
Horn,130,5,1962,1,0,4,1,0,10.5,1367.0,420.0,1787.0
Jenfeld,113,4,1994,1,1,0,1,1,10.0,1627.0,261.0,1888.0
Langenhorn,35,2,1959,1,1,1,1,1,11.5,769.0,83.0,852.0
Bergedorf,176,4,1958,1,1,3,0,0,10.0,1688.0,386.0,2074.0
Steilshoop,160,3,2003,0,0,4,0,1,10.5,1713.0,492.0,2205.0
Volksdorf,30,4,1976,0,1,8,1,0,14.5,607.0,63.0,670.0
Barmbek,87,2,1983,1,0,0,0,0,13.5,1162.0,217.0,1379.0
Volksdorf,153,2,1950,0,0,2,0,0,14.5,2381.0,371.0,2752.0
St. Pauli,195,1,1981,0,0,4,1,0,16.0,2835.0,552.0,3387.0
Hoheluft,44,5,2020,1,0,2,0,1,16.5,1084.0,136.0,1220.0
Wellingsbüttel,191,4,2016,1,0,3,1,0,16.0,3444.0,535.0,3979.0
Marienthal,192,1,1969,1,1,2,0,0,15.5,3166.0,652.0,3818.0
Poppenbüttel,93,5,1984,1,1,3,1,0,13.5,1285.0,319.0,1604.0
Rahlstedt,54,4,1966,1,0,0,1,0,11.0,647.0,137.0,784.0
Niendorf,53,3,1967,0,1,7,0,0,12.0,710.0,168.0,878.0
Alsterdorf,41,4,1994,1,0,3,0,0,15.0,681.0,127.0,808.0
Uhlenhorst,47,2,2002,1,1,6,1,0,17.0,946.0,157.0,1103.0
St. Georg,44,2,2017,1,1,1,1,0,15.0,780.0,118.0,898.0
Bramfeld,56,3,2014,0,1,1,1,0,12.0,829.0,157.0,986.0
Altona,101,1,1950,1,1,5,0,1,15.0,1854.0,265.0,2119.0
Hamburg-Mitte,89,5,2007,1,1,1,0,0,14.0,1340.0,292.0,1632.0
Barmbek,174,4,1975,1,0,5,0,0,13.5,2151.0,408.0,2559.0
Farmsen,122,2,1969,0,0,1,0,0,11.5,1579.0,288.0,1867.0
St. Pauli,82,1,1959,1,1,3,1,0,16.0,1471.0,210.0,1681.0
Blankenese,37,3,2008,1,0,6,1,0,20.0,894.0,87.0,981.0
Eppendorf,108,2,1990,1,1,7,1,1,17.5,2248.0,307.0,2555.0
Steilshoop,56,3,1954,0,0,2,1,1,10.5,756.0,123.0,879.0
Barmbek,79,4,2014,1,1,8,0,1,13.5,1380.0,196.0,1576.0
Rotherbaum,160,5,1966,1,1,1,1,0,18.0,2924.0,539.0,3463.0
Langenhorn,122,2,1971,1,1,7,1,0,11.5,1687.0,319.0,2006.0
Blankenese,53,2,1990,0,0,7,0,1,20.0,1319.0,165.0,1484.0
Billstedt,89,4,2017,1,0,3,0,0,9.5,883.0,193.0,1076.0
Bahrenfeld,151,1,2018,1,1,0,1,0,13.5,2461.0,358.0,2819.0
Rotherbaum,160,5,1960,1,1,0,0,1,18.0,3092.0,514.0,3606.0
Bahrenfeld,177,2,2005,0,0,1,1,0,13.5,2733.0,557.0,3290.0
Wellingsbüttel,75,5,2000,0,0,8,0,0,16.0,1368.0,193.0,1561.0
Hamm,44,2,1970,1,0,1,0,0,12.0,549.0,151.0,700.0
Rotherbaum,182,5,1975,0,0,1,1,0,18.0,3171.0,613.0,3784.0
Bahrenfeld,46,3,1968,0,0,5,0,0,13.5,628.0,158.0,786.0
Bahrenfeld,155,2,2009,0,1,6,1,0,13.5,2314.0,409.0,2723.0
Hoheluft,113,5,2020,1,0,6,0,0,16.5,1962.0,259.0,2221.0
Alsterdorf,38,1,1996,1,1,8,0,0,15.0,787.0,112.0,899.0
Wellingsbüttel,195,3,2020,0,1,5,0,0,16.0,3403.0,590.0,3993.0
Dulsberg,92,3,1975,0,0,7,0,1,11.5,1197.0,201.0,1398.0
Lokstedt,146,1,1989,0,0,5,0,0,14.0,1870.0,464.0,2334.0
Winterhude,159,5,1954,1,1,1,1,0,17.0,2987.0,322.0,3309.0
Jenfeld,117,4,1970,1,0,0,0,0,10.0,1134.0,319.0,1453.0
Rahlstedt,101,1,1953,0,1,4,1,1,11.0,1499.0,252.0,1751.0
Ottensen,168,5,1972,0,0,8,0,0,16.5,2657.0,523.0,3180.0
Bahrenfeld,93,1,1964,0,0,7,1,0,13.5,1240.0,230.0,1470.0
Stellingen,101,1,1957,0,0,3,0,0,12.5,1118.0,327.0,1445.0
Ottensen,50,2,1990,1,1,4,1,1,16.5,1245.0,145.0,1390.0
Marienthal,47,5,1968,0,0,4,1,0,15.5,700.0,150.0,850.0
Bergedorf,93,4,1995,1,1,5,0,0,10.0,1143.0,324.0,1467.0
Niendorf,111,2,1977,0,0,2,0,0,12.0,1343.0,335.0,1678.0
Wandsbek,139,1,2017,0,1,4,0,0,12.0,1895.0,483.0,2378.0
Horn,124,1,1964,0,0,1,1,1,10.5,1565.0,253.0,1818.0
Eimsbüttel,195,1,1986,0,1,9,1,1,16.0,3135.0,489.0,3624.0
Eppendorf,61,5,1950,0,1,0,0,0,17.5,1216.0,132.0,1348.0
Schnelsen,40,5,2016,1,1,0,0,1,12.0,793.0,96.0,889.0
Wandsbek,74,2,1973,0,1,9,1,0,12.0,1005.0,241.0,1246.0
Jenfeld,62,4,1976,0,1,6,1,0,10.0,694.0,127.0,821.0
Altona,131,2,1989,0,1,1,0,0,15.0,2184.0,364.0,2548.0
Niendorf,198,3,2012,1,0,3,1,0,12.0,2722.0,564.0,3286.0
Steilshoop,165,1,2010,1,1,4,0,1,10.5,2115.0,469.0,2584.0
St. Pauli,40,1,1985,1,1,6,0,0,16.0,792.0,109.0,901.0
Volksdorf,117,1,1973,1,1,1,0,0,14.5,1945.0,373.0,2318.0
Hamm,70,2,1973,0,0,5,1,0,12.0,782.0,154.0,936.0
Horn,174,2,1953,0,0,0,1,0,10.5,2042.0,429.0,2471.0
Sasel,105,1,2016,0,0,6,1,0,13.0,1329.0,307.0,1636.0
Dulsberg,150,2,1983,1,1,8,1,0,11.5,2102.0,455.0,2557.0
Ottensen,75,5,2006,0,0,4,0,1,16.5,1536.0,195.0,1731.0
Jenfeld,189,5,1998,0,0,4,1,0,10.0,2068.0,626.0,2694.0
Tonndorf,109,2,2002,1,1,3,0,0,11.0,1400.0,286.0,1686.0
Alsterdorf,83,1,1972,1,1,2,0,1,15.0,1578.0,216.0,1794.0
Marienthal,115,2,2018,1,0,8,0,1,15.5,2097.0,236.0,2333.0
Altona,121,2,2002,0,1,4,1,0,15.0,1753.0,342.0,2095.0
Volksdorf,177,2,2011,0,1,7,0,1,14.5,2953.0,542.0,3495.0
Bergedorf,190,3,1990,1,1,8,0,0,10.0,2108.0,413.0,2521.0
Bahrenfeld,197,5,2006,0,1,4,1,0,13.5,3047.0,484.0,3531.0
Lokstedt,189,4,2009,1,0,9,0,0,14.0,2729.0,599.0,3328.0
Wandsbek,126,4,2003,1,1,8,1,1,12.0,1745.0,321.0,2066.0
Bramfeld,31,3,2019,0,0,1,1,0,12.0,419.0,73.0,492.0
Wandsbek,62,2,2006,1,0,8,1,0,12.0,880.0,187.0,1067.0
Langenhorn,187,3,1959,1,0,3,0,0,11.5,2070.0,429.0,2499.0
Hamburg-Mitte,190,3,1989,1,0,5,1,1,14.0,2819.0,635.0,3454.0
Farmsen,106,1,1956,0,1,5,1,0,11.5,1426.0,229.0,1655.0
Hoheluft,145,5,1987,1,1,5,1,0,16.5,2619.0,444.0,3063.0
Hoheluft,183,4,2010,1,1,1,1,0,16.5,3216.0,503.0,3719.0
Eppendorf,179,2,1952,1,0,6,0,1,17.5,3247.0,592.0,3839.0
Eppendorf,132,4,2000,1,0,5,1,1,17.5,2743.0,289.0,3032.0
Poppenbüttel,195,4,1996,1,0,0,0,0,13.5,2571.0,588.0,3159.0
Lokstedt,132,5,2017,1,1,1,1,0,14.0,2147.0,377.0,2524.0
Volksdorf,119,4,1987,1,0,6,0,1,14.5,1816.0,324.0,2140.0
Uhlenhorst,151,4,1985,0,1,0,1,0,17.0,2919.0,413.0,3332.0
Winterhude,172,3,1990,0,1,0,0,1,17.0,3224.0,530.0,3754.0
Altona,135,5,2018,1,1,0,1,1,15.0,2389.0,460.0,2849.0
Ottensen,148,1,1962,0,1,7,0,0,16.5,2593.0,316.0,2909.0
Hamburg-Nord,78,2,2007,0,0,3,0,0,13.0,1073.0,158.0,1231.0
Altona,133,4,1999,1,1,3,0,0,15.0,1973.0,427.0,2400.0
Ohlsdorf,90,2,1979,0,0,1,1,0,12.5,1239.0,195.0,1434.0
Steilshoop,152,1,2011,1,1,0,0,0,10.5,1671.0,529.0,2200.0
Tonndorf,163,2,1974,1,0,9,0,0,11.0,2029.0,477.0,2506.0
Bahrenfeld,38,1,1976,1,0,8,0,0,13.5,615.0,113.0,728.0
Bramfeld,35,3,2000,1,1,6,0,0,12.0,560.0,80.0,640.0
Rotherbaum,102,4,2006,1,1,3,1,0,18.0,2160.0,241.0,2401.0
Fuhlsbüttel,132,1,1996,0,1,5,0,0,12.0,1632.0,395.0,2027.0
Hamm,189,2,1988,1,0,1,0,1,12.0,2320.0,636.0,2956.0
Tonndorf,70,4,1965,0,1,6,0,0,11.0,943.0,243.0,1186.0
Hamburg-Mitte,143,3,1971,1,1,1,1,1,14.0,2446.0,328.0,2774.0
Blankenese,37,4,2003,1,0,9,0,0,20.0,809.0,81.0,890.0
Altona,101,1,1970,1,1,7,0,0,15.0,1618.0,211.0,1829.0
Wandsbek,121,3,2021,0,0,7,0,1,12.0,1626.0,400.0,2026.0
Schnelsen,91,2,1965,1,1,0,0,0,12.0,1356.0,222.0,1578.0
Schnelsen,113,3,2008,1,0,7,1,0,12.0,1346.0,226.0,1572.0
Lokstedt,91,3,1980,1,0,1,0,0,14.0,1282.0,213.0,1495.0
Farmsen,140,5,1991,1,1,5,0,0,11.5,1755.0,351.0,2106.0
St. Georg,156,3,2023,0,0,0,1,0,15.0,2394.0,544.0,2938.0
Hoheluft,36,3,1981,1,1,4,1,0,16.5,765.0,100.0,865.0
Volksdorf,113,4,2008,0,1,6,1,0,14.5,1650.0,261.0,1911.0
Uhlenhorst,161,2,1983,1,0,9,0,0,17.0,2570.0,403.0,2973.0
Eimsbüttel,163,4,1958,0,1,0,1,0,16.0,2569.0,407.0,2976.0
St. Pauli,87,4,1960,0,0,1,0,0,16.0,1535.0,177.0,1712.0
Fuhlsbüttel,51,1,1959,1,0,6,1,0,12.0,640.0,112.0,752.0
Langenhorn,183,4,1966,1,0,5,0,0,11.5,2293.0,557.0,2850.0
Tonndorf,156,5,2017,0,0,2,1,1,11.0,2086.0,340.0,2426.0
Langenhorn,32,5,1997,1,0,9,0,0,11.5,469.0,75.0,544.0
Tonndorf,156,1,2001,1,0,1,1,0,11.0,1981.0,394.0,2375.0
Niendorf,70,2,1974,1,0,9,0,0,12.0,854.0,220.0,1074.0
Schnelsen,135,2,1970,0,0,3,0,1,12.0,1723.0,388.0,2111.0
St. Georg,43,4,2014,1,1,2,0,0,15.0,802.0,130.0,932.0
Dulsberg,41,4,2012,1,1,6,0,1,11.5,806.0,117.0,923.0
Tonndorf,116,4,2000,1,0,7,0,0,11.0,1423.0,351.0,1774.0
Langenhorn,41,2,1985,0,1,1,0,0,11.5,584.0,82.0,666.0
Jenfeld,170,3,2015,1,1,9,0,1,10.0,2215.0,577.0,2792.0
Billstedt,54,5,1964,0,1,6,0,0,9.5,549.0,117.0,666.0
St. Georg,74,3,1988,1,1,7,1,0,15.0,1400.0,193.0,1593.0
Schnelsen,151,3,2019,0,1,5,0,1,12.0,2037.0,477.0,2514.0
Groß Borstel,176,2,1950,1,1,5,0,1,13.0,2613.0,467.0,3080.0
Lokstedt,84,3,1972,1,0,9,1,0,14.0,1250.0,287.0,1537.0
Wandsbek,129,1,1988,0,1,0,0,0,12.0,1744.0,348.0,2092.0
Stellingen,165,4,2006,0,1,3,1,1,12.5,2361.0,547.0,2908.0
Hamburg-Nord,148,1,1983,0,1,0,0,0,13.0,2225.0,476.0,2701.0
Eppendorf,82,5,1990,1,1,3,1,1,17.5,1954.0,285.0,2239.0
Lokstedt,61,4,2022,1,0,1,1,0,14.0,1046.0,207.0,1253.0
Eppendorf,80,3,1962,1,0,4,0,0,17.5,1312.0,268.0,1580.0
Lokstedt,73,5,2019,1,0,9,1,1,14.0,1423.0,226.0,1649.0
Rahlstedt,111,4,1955,0,0,8,0,0,11.0,1306.0,283.0,1589.0
Billstedt,175,3,2001,1,1,9,0,0,9.5,1660.0,378.0,2038.0
Wandsbek,179,1,1952,1,0,2,0,0,12.0,1997.0,543.0,2540.0
Tonndorf,66,4,2012,1,0,7,0,0,11.0,738.0,229.0,967.0
Bergedorf,125,3,1998,1,0,2,1,0,10.0,1207.0,386.0,1593.0
Eimsbüttel,85,1,1996,1,0,5,0,1,16.0,1649.0,288.0,1937.0
Ottensen,134,5,2004,1,1,3,1,0,16.5,2649.0,430.0,3079.0
St. Pauli,88,5,2013,1,0,7,1,0,16.0,1499.0,198.0,1697.0
Farmsen,160,5,2014,0,1,5,0,1,11.5,2170.0,380.0,2550.0
Barmbek,185,5,2016,1,0,7,0,0,13.5,2861.0,465.0,3326.0
Bramfeld,64,2,1964,1,1,0,0,0,12.0,860.0,144.0,1004.0
St. Pauli,122,4,1981,1,1,5,0,0,16.0,2265.0,350.0,2615.0
Barmbek,126,4,2017,1,0,0,1,1,13.5,2033.0,436.0,2469.0
Rotherbaum,164,2,1967,0,0,0,0,0,18.0,3010.0,515.0,3525.0
Hamburg-Nord,105,3,1992,0,0,7,1,0,13.0,1365.0,277.0,1642.0
Ohlsdorf,78,3,1984,0,0,6,0,0,12.5,1006.0,157.0,1163.0
Hamburg-Nord,123,5,2007,0,1,2,0,0,13.0,1544.0,304.0,1848.0
Horn,188,1,1982,0,1,5,0,0,10.5,2195.0,525.0,2720.0
Hamburg-Mitte,53,3,1963,0,0,8,0,0,14.0,710.0,132.0,842.0
Steilshoop,177,1,1983,1,0,6,1,0,10.5,2128.0,383.0,2511.0
Hamburg-Mitte,66,4,2010,0,1,2,1,1,14.0,1235.0,176.0,1411.0
Dulsberg,33,1,1953,0,0,5,0,0,11.5,348.0,79.0,427.0
Stellingen,137,4,2008,1,1,3,1,0,12.5,1982.0,461.0,2443.0
Steilshoop,155,2,1978,0,0,2,1,0,10.5,1540.0,334.0,1874.0
Poppenbüttel,49,2,1955,1,1,8,0,0,13.5,834.0,102.0,936.0
Volksdorf,181,5,1998,1,1,9,0,0,14.5,3073.0,363.0,3436.0
Wandsbek,79,3,1989,0,1,1,1,0,12.0,1141.0,197.0,1338.0
Niendorf,125,5,2014,1,1,0,1,0,12.0,1520.0,374.0,1894.0
Bahrenfeld,134,4,2018,0,1,1,1,1,13.5,2196.0,415.0,2611.0
Groß Borstel,193,5,1976,0,0,6,1,0,13.0,2670.0,517.0,3187.0
Sasel,146,1,1955,1,1,9,0,0,13.0,2179.0,442.0,2621.0
Volksdorf,127,4,1962,1,0,0,0,0,14.5,1701.0,323.0,2024.0
Bergedorf,95,2,2013,0,1,5,1,0,10.0,1087.0,285.0,1372.0
Altona,108,3,2011,1,1,6,0,0,15.0,1794.0,223.0,2017.0
Wandsbek,191,4,1968,1,0,8,1,0,12.0,2199.0,494.0,2693.0
Alsterdorf,193,4,1992,0,0,7,1,0,15.0,2823.0,615.0,3438.0
Blankenese,35,1,2023,0,0,5,0,1,20.0,926.0,112.0,1038.0
Hamm,68,3,1969,1,0,2,1,0,12.0,971.0,209.0,1180.0
Tonndorf,199,2,2017,0,1,7,1,0,11.0,2558.0,459.0,3017.0
Uhlenhorst,144,4,1993,0,0,6,0,0,17.0,2545.0,341.0,2886.0
Hamm,154,4,1972,0,1,2,0,0,12.0,1892.0,538.0,2430.0
Dulsberg,41,1,1951,0,0,8,1,0,11.5,474.0,88.0,562.0
Winterhude,160,5,1971,0,0,1,1,1,17.0,3275.0,363.0,3638.0
Hamm,47,2,2006,0,1,2,0,0,12.0,737.0,103.0,840.0
Sasel,69,3,2021,0,1,1,1,1,13.0,1334.0,172.0,1506.0
Schnelsen,50,4,1956,1,0,0,1,1,12.0,924.0,116.0,1040.0
Lokstedt,172,4,2005,0,1,3,0,0,14.0,2415.0,472.0,2887.0
Hamm,128,2,2016,1,1,4,0,0,12.0,1816.0,347.0,2163.0
Wellingsbüttel,55,5,1965,1,1,5,0,0,16.0,998.0,184.0,1182.0
Altona,37,4,2000,1,1,4,0,0,15.0,687.0,76.0,763.0
Rotherbaum,129,2,2021,0,1,0,0,1,18.0,2774.0,320.0,3094.0
Marienthal,116,1,1961,0,1,2,0,0,15.5,1702.0,336.0,2038.0
St. Georg,71,5,2002,1,1,0,1,1,15.0,1336.0,206.0,1542.0
Sasel,43,3,1954,0,1,4,1,0,13.0,664.0,117.0,781.0
Uhlenhorst,107,4,1976,1,0,4,0,1,17.0,2058.0,345.0,2403.0
Hamm,31,2,1961,0,1,5,0,1,12.0,693.0,65.0,758.0
Bahrenfeld,148,1,1966,0,0,7,1,0,13.5,1857.0,477.0,2334.0
Farmsen,66,3,1955,1,1,9,1,0,11.5,853.0,181.0,1034.0
Uhlenhorst,98,2,1954,1,1,0,1,0,17.0,1687.0,216.0,1903.0
Billstedt,195,2,2006,1,1,3,0,1,9.5,2001.0,649.0,2650.0
Eimsbüttel,70,3,1977,0,1,9,0,1,16.0,1298.0,208.0,1506.0
Hamm,91,1,2018,1,0,0,1,1,12.0,1448.0,204.0,1652.0
Uhlenhorst,89,1,2008,0,0,8,0,0,17.0,1517.0,182.0,1699.0
Harburg,154,5,1982,0,1,6,0,0,9.0,1570.0,341.0,1911.0
Hamburg-Mitte,140,4,2011,0,0,6,0,1,14.0,2422.0,408.0,2830.0
Farmsen,43,3,1999,1,1,4,1,0,11.5,698.0,98.0,796.0
Niendorf,113,3,1968,1,1,6,1,1,12.0,1579.0,264.0,1843.0
Langenhorn,159,3,2018,1,0,1,0,0,11.5,1739.0,324.0,2063.0
Marienthal,99,1,2015,0,0,3,0,0,15.5,1707.0,305.0,2012.0
St. Georg,174,4,1996,0,1,6,0,0,15.0,2730.0,560.0,3290.0
Horn,152,5,1988,1,1,2,0,0,10.5,1869.0,486.0,2355.0
Hoheluft,118,2,2017,0,0,1,0,0,16.5,2147.0,259.0,2406.0
Bahrenfeld,57,2,1982,0,1,9,1,0,13.5,974.0,191.0,1165.0
Eppendorf,95,3,1962,1,0,1,0,0,17.5,1898.0,286.0,2184.0
Fuhlsbüttel,192,4,2003,1,1,0,0,0,12.0,2491.0,642.0,3133.0
Lokstedt,34,1,1956,1,1,4,0,0,14.0,591.0,91.0,682.0
Fuhlsbüttel,197,4,1963,0,0,5,1,1,12.0,2863.0,523.0,3386.0
Sasel,193,4,1968,0,0,5,1,1,13.0,2777.0,613.0,3390.0
Hamm,74,1,2003,0,0,8,0,1,12.0,1022.0,158.0,1180.0
Horn,180,3,1969,0,1,3,1,1,10.5,2274.0,501.0,2775.0
Lokstedt,76,4,1978,0,1,0,1,0,14.0,1210.0,247.0,1457.0
Ottensen,60,2,1973,1,1,5,1,0,16.5,1256.0,195.0,1451.0
Rahlstedt,168,1,2012,0,1,4,1,0,11.0,2057.0,577.0,2634.0
Horn,39,5,2023,0,0,9,1,1,10.5,661.0,119.0,780.0
Hamburg-Nord,147,3,2006,0,1,5,1,0,13.0,2263.0,340.0,2603.0
Eppendorf,43,1,1957,1,1,2,0,0,17.5,940.0,87.0,1027.0
Hamburg-Mitte,109,5,2011,1,1,1,1,1,14.0,1964.0,296.0,2260.0
Alsterdorf,122,5,1978,1,0,5,1,0,15.0,1833.0,338.0,2171.0
Niendorf,39,4,2023,0,1,0,0,0,12.0,570.0,92.0,662.0
Wellingsbüttel,105,4,1966,1,1,6,0,0,16.0,1887.0,230.0,2117.0
Sasel,123,4,2015,1,0,6,0,0,13.0,1517.0,354.0,1871.0
Tonndorf,134,1,1955,1,1,9,0,0,11.0,1520.0,422.0,1942.0
Rotherbaum,30,1,2007,0,1,6,1,0,18.0,706.0,105.0,811.0
Ohlsdorf,162,3,2018,1,0,9,1,0,12.5,2129.0,508.0,2637.0
Poppenbüttel,49,4,1977,0,1,0,1,0,13.5,770.0,156.0,926.0
Groß Borstel,37,5,2011,0,1,3,1,1,13.0,781.0,108.0,889.0
Alsterdorf,30,2,1990,1,1,6,0,1,15.0,794.0,104.0,898.0
Hoheluft,86,3,2018,0,0,8,1,0,16.5,1575.0,255.0,1830.0
Bergedorf,93,1,1990,1,1,4,1,1,10.0,1257.0,306.0,1563.0
Hamm,147,3,1998,0,1,1,0,0,12.0,1659.0,503.0,2162.0
Tonndorf,57,3,1998,1,0,6,1,0,11.0,756.0,194.0,950.0
Bergedorf,150,3,2020,1,0,9,1,0,10.0,1785.0,386.0,2171.0
Hoheluft,136,3,1952,1,1,0,1,0,16.5,2463.0,288.0,2751.0
Jenfeld,194,2,1959,0,1,6,1,0,10.0,1878.0,438.0,2316.0
Sasel,194,4,1984,1,1,5,0,0,13.0,2560.0,405.0,2965.0
Volksdorf,78,5,1951,0,1,6,0,0,14.5,1311.0,168.0,1479.0
Bergedorf,149,3,1973,1,0,9,0,1,10.0,1656.0,339.0,1995.0
Bergedorf,73,3,2023,0,1,2,0,0,10.0,865.0,183.0,1048.0
Hamburg-Nord,85,3,1987,0,0,2,0,0,13.0,1098.0,239.0,1337.0
Schnelsen,185,4,1971,1,0,6,1,0,12.0,2155.0,567.0,2722.0
St. Pauli,140,1,1975,1,1,1,1,0,16.0,2581.0,324.0,2905.0
Schnelsen,163,1,1992,1,1,0,0,0,12.0,2221.0,490.0,2711.0
Bramfeld,137,2,2004,1,0,8,0,0,12.0,1785.0,419.0,2204.0
Billstedt,177,1,1988,1,0,8,0,0,9.5,1644.0,502.0,2146.0
Winterhude,143,3,1978,0,1,6,1,1,17.0,2520.0,480.0,3000.0
Hamburg-Mitte,107,3,1969,1,0,6,0,0,14.0,1585.0,232.0,1817.0
Bramfeld,159,3,1990,1,1,2,1,1,12.0,2313.0,360.0,2673.0
Ohlsdorf,66,2,2003,0,1,9,1,0,12.5,900.0,174.0,1074.0
Hoheluft,49,3,1969,1,0,1,1,0,16.5,812.0,107.0,919.0
Wellingsbüttel,55,1,1968,1,0,6,1,0,16.0,880.0,157.0,1037.0
Billstedt,58,4,2015,0,1,8,0,0,9.5,729.0,151.0,880.0
Bramfeld,30,4,1979,1,0,0,1,0,12.0,479.0,73.0,552.0
Bergedorf,148,5,2002,1,1,3,1,0,10.0,1816.0,334.0,2150.0
Eimsbüttel,64,1,1983,1,1,5,0,1,16.0,1296.0,160.0,1456.0
Rahlstedt,88,3,1971,0,1,6,1,1,11.0,1395.0,256.0,1651.0
Bahrenfeld,98,4,2016,1,0,9,1,0,13.5,1323.0,281.0,1604.0
St. Pauli,190,1,1955,0,1,6,1,0,16.0,3159.0,427.0,3586.0
Hamburg-Nord,41,4,1976,1,1,9,0,0,13.0,718.0,90.0,808.0
St. Georg,49,3,1959,0,1,1,1,0,15.0,823.0,100.0,923.0
Bergedorf,72,4,2022,1,1,3,1,1,10.0,1103.0,145.0,1248.0
Schnelsen,155,5,1997,0,1,4,0,1,12.0,1998.0,515.0,2513.0
Langenhorn,79,5,2019,0,1,0,0,1,11.5,1141.0,163.0,1304.0
Eimsbüttel,58,4,2008,0,1,0,1,0,16.0,1094.0,180.0,1274.0
St. Georg,68,1,2008,0,1,9,1,0,15.0,1202.0,225.0,1427.0
St. Pauli,180,1,1951,0,1,2,0,0,16.0,3152.0,386.0,3538.0
Rotherbaum,67,1,1978,0,1,9,1,1,18.0,1546.0,178.0,1724.0
Hamm,113,4,2017,1,1,2,0,0,12.0,1567.0,389.0,1956.0
Wandsbek,180,1,2014,1,0,7,1,0,12.0,2020.0,585.0,2605.0
Bergedorf,157,3,1975,0,1,8,0,0,10.0,1535.0,429.0,1964.0
Hamm,155,5,1959,0,1,0,1,1,12.0,2391.0,487.0,2878.0
Hamburg-Nord,74,3,2002,0,1,1,0,0,13.0,970.0,241.0,1211.0
Poppenbüttel,81,1,2008,0,0,9,0,0,13.5,1169.0,204.0,1373.0
Rahlstedt,109,3,1971,1,1,1,0,1,11.0,1446.0,364.0,1810.0
Jenfeld,153,1,2000,0,0,3,0,1,10.0,1835.0,414.0,2249.0
Rahlstedt,148,4,1997,1,1,1,0,0,11.0,1862.0,413.0,2275.0
Blankenese,37,3,1970,1,1,6,1,0,20.0,863.0,129.0,992.0
Altona,114,4,1971,0,0,8,1,1,15.0,1856.0,372.0,2228.0
Hamm,158,4,1979,0,1,6,0,1,12.0,2261.0,402.0,2663.0
Uhlenhorst,37,2,1974,1,0,5,1,0,17.0,704.0,75.0,779.0
Langenhorn,186,1,1977,1,0,9,1,0,11.5,2076.0,547.0,2623.0
Hoheluft,125,5,2014,0,1,0,1,0,16.5,2319.0,382.0,2701.0
St. Pauli,131,1,1994,0,1,9,1,1,16.0,2254.0,390.0,2644.0
Wellingsbüttel,34,5,2017,0,1,8,1,0,16.0,734.0,117.0,851.0
Ottensen,115,1,1956,1,1,4,1,0,16.5,2067.0,379.0,2446.0
Hamburg-Mitte,63,4,1998,1,0,4,0,0,14.0,873.0,168.0,1041.0
Jenfeld,84,3,1958,0,0,5,1,1,10.0,1113.0,176.0,1289.0
Bergedorf,148,3,1985,1,1,8,1,0,10.0,1664.0,402.0,2066.0
Eppendorf,187,2,1950,1,0,7,1,0,17.5,3194.0,567.0,3761.0
Wandsbek,143,5,1959,0,0,7,0,0,12.0,1689.0,416.0,2105.0
Farmsen,174,5,1985,0,1,7,1,0,11.5,2032.0,488.0,2520.0
Eppendorf,55,5,2022,1,0,0,1,0,17.5,1024.0,149.0,1173.0
Eimsbüttel,165,4,1995,1,0,0,1,1,16.0,2729.0,403.0,3132.0
Ottensen,76,5,1981,0,1,7,0,0,16.5,1308.0,184.0,1492.0
Ohlsdorf,142,3,1981,0,0,4,1,1,12.5,1914.0,391.0,2305.0
Eimsbüttel,105,4,1955,0,1,8,0,0,16.0,1836.0,235.0,2071.0
Rahlstedt,101,1,1997,0,0,1,1,0,11.0,1214.0,254.0,1468.0
Altona,118,5,1987,0,1,8,0,0,15.0,1869.0,293.0,2162.0
Hoheluft,75,5,1966,1,0,7,0,0,16.5,1378.0,216.0,1594.0
Winterhude,62,1,2023,1,0,8,0,0,17.0,1227.0,130.0,1357.0
Lokstedt,30,5,1976,1,1,3,1,1,14.0,801.0,97.0,898.0
Winterhude,176,1,2003,1,1,0,0,1,17.0,3434.0,500.0,3934.0
St. Pauli,60,4,1999,0,1,0,0,0,16.0,1014.0,180.0,1194.0
St. Georg,171,3,1984,0,1,4,0,1,15.0,3105.0,522.0,3627.0
Billstedt,82,1,1974,0,0,1,0,0,9.5,702.0,200.0,902.0
Langenhorn,77,2,1977,1,0,7,1,1,11.5,1147.0,208.0,1355.0
Marienthal,98,1,1964,1,0,9,1,0,15.5,1687.0,337.0,2024.0
Schnelsen,134,5,1953,1,1,4,1,0,12.0,1607.0,422.0,2029.0
Bramfeld,119,4,2022,0,0,4,1,1,12.0,1585.0,411.0,1996.0
Wandsbek,92,4,1976,1,0,1,0,0,12.0,1191.0,287.0,1478.0
Uhlenhorst,102,1,1975,0,1,6,1,0,17.0,1881.0,231.0,2112.0
St. Pauli,190,3,1968,0,1,7,0,0,16.0,3303.0,398.0,3701.0
Winterhude,198,2,1966,0,0,9,1,0,17.0,3657.0,568.0,4225.0
Tonndorf,118,4,1992,0,1,0,1,1,11.0,1513.0,299.0,1812.0
Blankenese,42,5,1990,0,0,1,1,0,20.0,793.0,101.0,894.0
Marienthal,102,5,1991,0,0,9,0,1,15.5,1873.0,328.0,2201.0
Marienthal,106,3,1999,1,1,3,1,0,15.5,1749.0,270.0,2019.0
Altona,188,4,1989,0,0,4,1,0,15.0,2955.0,465.0,3420.0
Ohlsdorf,97,1,1988,0,1,1,1,1,12.5,1440.0,318.0,1758.0
Sasel,127,5,1972,1,1,0,0,0,13.0,1780.0,415.0,2195.0
Stellingen,154,3,2001,0,0,8,1,1,12.5,2183.0,390.0,2573.0
Rotherbaum,131,4,1996,1,0,0,1,0,18.0,2509.0,426.0,2935.0
St. Pauli,161,4,2012,1,0,3,0,0,16.0,2665.0,527.0,3192.0
Alsterdorf,131,4,2018,1,1,1,0,0,15.0,2127.0,345.0,2472.0
Hoheluft,48,4,1992,0,0,3,1,0,16.5,811.0,101.0,912.0
Uhlenhorst,111,4,1997,0,1,7,1,0,17.0,1826.0,222.0,2048.0
Schnelsen,170,5,1983,1,1,7,1,1,12.0,2216.0,473.0,2689.0
Marienthal,52,3,1989,0,0,8,0,0,15.5,813.0,131.0,944.0
Volksdorf,112,4,2010,0,1,4,0,0,14.5,1678.0,392.0,2070.0
Hoheluft,138,2,1999,1,0,6,0,0,16.5,2360.0,436.0,2796.0
Wandsbek,104,2,2016,1,0,2,1,0,12.0,1303.0,327.0,1630.0
Poppenbüttel,158,3,2011,0,0,9,0,0,13.5,2260.0,542.0,2802.0
Uhlenhorst,117,1,2007,1,0,3,1,1,17.0,2471.0,390.0,2861.0
Hamm,83,1,1982,1,0,9,0,1,12.0,1214.0,206.0,1420.0
Hamburg-Nord,118,1,1965,1,0,8,0,1,13.0,1678.0,265.0,1943.0
Horn,172,2,1997,0,0,9,0,1,10.5,1863.0,536.0,2399.0
Groß Borstel,94,1,1959,0,1,9,1,0,13.0,1371.0,241.0,1612.0
Horn,105,5,1987,0,0,0,1,1,10.5,1336.0,285.0,1621.0
Niendorf,172,4,1968,1,1,1,1,0,12.0,2078.0,507.0,2585.0
Ohlsdorf,178,2,1985,0,1,4,1,0,12.5,2434.0,598.0,3032.0
Rotherbaum,176,3,2008,1,1,2,0,0,18.0,3060.0,463.0,3523.0
Fuhlsbüttel,89,3,2012,0,0,1,1,0,12.0,1143.0,283.0,1426.0
Ohlsdorf,122,4,1995,0,1,0,0,1,12.5,1837.0,293.0,2130.0
Uhlenhorst,190,2,1952,1,1,9,1,0,17.0,3573.0,579.0,4152.0
Steilshoop,78,1,2023,0,0,2,1,1,10.5,998.0,156.0,1154.0
Langenhorn,64,1,2014,1,0,0,0,0,11.5,887.0,212.0,1099.0
Jenfeld,131,5,1957,0,1,0,0,0,10.0,1457.0,268.0,1725.0
Farmsen,40,5,2000,0,0,0,1,1,11.5,684.0,123.0,807.0
St. Georg,128,1,2022,1,0,7,1,0,15.0,1890.0,265.0,2155.0
Jenfeld,139,3,1955,1,0,2,0,0,10.0,1420.0,334.0,1754.0
Horn,103,3,1988,1,0,0,0,0,10.5,1233.0,283.0,1516.0
Lokstedt,38,5,2009,0,1,6,0,0,14.0,685.0,100.0,785.0
Jenfeld,32,4,1977,0,0,9,0,0,10.0,335.0,73.0,408.0
Eimsbüttel,114,1,2003,0,0,2,0,0,16.0,2008.0,285.0,2293.0
Uhlenhorst,55,5,1986,1,0,7,1,1,17.0,1122.0,170.0,1292.0
Ohlsdorf,101,5,1958,1,1,3,1,1,12.5,1486.0,303.0,1789.0
Ohlsdorf,77,1,2005,1,1,3,1,1,12.5,1445.0,162.0,1607.0
Fuhlsbüttel,185,1,2008,0,0,4,1,1,12.0,2626.0,577.0,3203.0
Bergedorf,146,3,1951,0,0,5,0,0,10.0,1443.0,304.0,1747.0
Bergedorf,183,4,2010,1,1,6,0,0,10.0,2101.0,515.0,2616.0
Hamburg-Mitte,182,4,2007,0,0,3,0,0,14.0,2855.0,435.0,3290.0
Harburg,41,1,2009,1,0,7,1,0,9.0,503.0,118.0,621.0
Rotherbaum,162,2,1989,0,1,5,0,1,18.0,3455.0,388.0,3843.0
Groß Borstel,77,5,1985,0,0,0,0,0,13.0,1081.0,268.0,1349.0
St. Georg,66,5,1986,1,0,0,1,0,15.0,1009.0,163.0,1172.0
Stellingen,73,1,1967,0,1,8,1,0,12.5,1104.0,172.0,1276.0
Jenfeld,44,2,2012,0,1,9,1,0,10.0,549.0,106.0,655.0
Schnelsen,72,3,1971,1,0,5,0,0,12.0,1006.0,241.0,1247.0
Fuhlsbüttel,116,1,1960,1,1,9,0,0,12.0,1513.0,343.0,1856.0
Dulsberg,99,1,2007,0,0,7,1,0,11.5,1245.0,307.0,1552.0
Wellingsbüttel,75,5,2006,1,0,6,1,0,16.0,1307.0,253.0,1560.0
Stellingen,137,1,1953,0,0,5,0,0,12.5,1547.0,461.0,2008.0
Langenhorn,152,1,1956,1,1,3,1,0,11.5,1823.0,472.0,2295.0
Jenfeld,50,1,2010,0,1,6,0,1,10.0,868.0,115.0,983.0
Hoheluft,180,5,2003,0,0,8,1,0,16.5,3355.0,588.0,3943.0
Dulsberg,136,3,2017,1,0,9,1,0,11.5,1610.0,314.0,1924.0
Jenfeld,109,3,1950,0,1,9,1,1,10.0,1530.0,339.0,1869.0
Hamburg-Nord,76,1,2004,0,1,6,0,0,13.0,1177.0,230.0,1407.0
Sasel,146,5,1952,1,1,0,0,1,13.0,2280.0,458.0,2738.0
Eimsbüttel,153,3,1987,1,0,9,1,1,16.0,2476.0,428.0,2904.0
Eppendorf,172,3,1950,0,1,8,0,0,17.5,3380.0,509.0,3889.0
Wandsbek,54,3,1987,1,1,3,1,1,12.0,1035.0,185.0,1220.0
Eppendorf,65,5,1978,1,0,2,1,1,17.5,1532.0,140.0,1672.0
Jenfeld,80,5,1954,0,0,3,0,0,10.0,866.0,197.0,1063.0
Langenhorn,44,1,2023,0,0,3,0,0,11.5,583.0,128.0,711.0
Ottensen,97,4,1970,1,1,9,0,1,16.5,2017.0,334.0,2351.0
Bramfeld,50,3,2020,1,0,1,0,1,12.0,855.0,107.0,962.0
Wellingsbüttel,170,4,2016,1,0,0,1,0,16.0,2726.0,346.0,3072.0
Billstedt,48,5,1996,0,0,9,0,0,9.5,458.0,100.0,558.0
St. Georg,63,5,1984,0,0,0,0,1,15.0,1053.0,131.0,1184.0
Stellingen,107,5,2017,0,1,7,1,0,12.5,1508.0,360.0,1868.0
Rotherbaum,154,4,2018,0,0,1,1,0,18.0,2968.0,475.0,3443.0
Wandsbek,146,5,1950,0,1,9,1,1,12.0,2211.0,440.0,2651.0
